ID,Name,Photo,Value,Crossing,Finishing,HeadingAccuracy,ShortPassing,Dribbling,FKAccuracy,LongPassing,BallControl,Acceleration,SprintSpeed,Reactions,ShotPower,Stamina,Strength,LongShots,Aggression,Penalties,StandingTackle,GKDiving,GKHandling,GKKicking,GKPositioning,GKReflexes,Best Position
239085,E. Haaland,https://cdn.sofifa.com/players/239/085/22_60.png,137500000,47.0,94.0,69.0,77.0,78.0,62.0,51.0,85.0,82.0,94.0,88.0,94.0,82.0,93.0,87.0,85.0,76.0,43.0,7.0,14.0,13.0,11.0,7.0,ST
202126,H. Kane,https://cdn.sofifa.com/players/202/126/22_60.png,129500000,80.0,94.0,86.0,85.0,83.0,65.0,86.0,85.0,65.0,74.0,92.0,91.0,83.0,85.0,86.0,80.0,91.0,36.0,8.0,10.0,11.0,14.0,11.0,ST
192985,K. De Bruyne,https://cdn.sofifa.com/players/192/985/22_60.png,125500000,94.0,82.0,55.0,94.0,88.0,83.0,93.0,91.0,76.0,76.0,91.0,91.0,89.0,74.0,91.0,76.0,83.0,65.0,15.0,13.0,5.0,10.0,13.0,CM
188545,R. Lewandowski,https://cdn.sofifa.com/players/188/545/22_60.png,119500000,71.0,95.0,90.0,85.0,85.0,85.0,70.0,88.0,77.0,79.0,93.0,90.0,76.0,86.0,87.0,81.0,90.0,42.0,15.0,6.0,12.0,8.0,10.0,ST
230621,G. Donnarumma,https://cdn.sofifa.com/players/230/621/22_60.png,119500000,12.0,12.0,12.0,36.0,28.0,14.0,34.0,30.0,50.0,55.0,85.0,59.0,34.0,72.0,18.0,30.0,24.0,14.0,91.0,83.0,79.0,85.0,90.0,GK
228702,F. de Jong,https://cdn.sofifa.com/players/228/702/22_60.png,119500000,78.0,72.0,72.0,91.0,88.0,64.0,87.0,89.0,80.0,82.0,88.0,68.0,90.0,74.0,66.0,75.0,45.0,76.0,7.0,13.0,10.0,10.0,9.0,CM
233049,J. Sancho,https://cdn.sofifa.com/players/233/049/22_60.png,116500000,82.0,83.0,38.0,87.0,92.0,65.0,70.0,90.0,85.0,78.0,85.0,73.0,77.0,68.0,65.0,44.0,62.0,39.0,7.0,11.0,10.0,11.0,13.0,CAM
212198,Bruno Fernandes,https://cdn.sofifa.com/players/212/198/22_60.png,107500000,87.0,83.0,64.0,91.0,83.0,87.0,88.0,87.0,77.0,73.0,91.0,89.0,91.0,70.0,89.0,78.0,91.0,73.0,12.0,14.0,15.0,8.0,14.0,CAM
202652,R. Sterling,https://cdn.sofifa.com/players/202/652/22_60.png,107500000,79.0,85.0,46.0,83.0,87.0,72.0,69.0,86.0,95.0,88.0,90.0,78.0,79.0,64.0,83.0,59.0,67.0,53.0,15.0,12.0,12.0,15.0,9.0,LW
239818,Rúben Dias,https://cdn.sofifa.com/players/239/818/22_60.png,102500000,54.0,29.0,87.0,81.0,64.0,48.0,74.0,74.0,57.0,65.0,87.0,74.0,88.0,88.0,22.0,92.0,45.0,89.0,7.0,8.0,13.0,7.0,12.0,CB
235790,K. Havertz,https://cdn.sofifa.com/players/235/790/22_60.png,94500000,72.0,81.0,78.0,84.0,86.0,53.0,78.0,85.0,77.0,86.0,83.0,74.0,77.0,69.0,77.0,42.0,73.0,46.0,6.0,8.0,11.0,10.0,12.0,CAM
237692,P. Foden,https://cdn.sofifa.com/players/237/692/22_60.png,94500000,75.0,79.0,47.0,84.0,86.0,59.0,78.0,88.0,86.0,82.0,83.0,82.0,79.0,44.0,77.0,64.0,64.0,59.0,8.0,15.0,6.0,10.0,13.0,CAM
192505,R. Lukaku,https://cdn.sofifa.com/players/192/505/22_60.png,93500000,73.0,92.0,89.0,77.0,83.0,66.0,70.0,77.0,81.0,87.0,91.0,89.0,71.0,95.0,74.0,71.0,88.0,41.0,8.0,15.0,14.0,7.0,10.0,ST
207865,Marquinhos,https://cdn.sofifa.com/players/207/865/22_60.png,90500000,68.0,51.0,88.0,84.0,69.0,32.0,85.0,79.0,81.0,81.0,87.0,65.0,83.0,78.0,45.0,81.0,52.0,89.0,6.0,6.0,12.0,10.0,13.0,CB
192119,T. Courtois,https://cdn.sofifa.com/players/192/119/22_60.png,85500000,14.0,14.0,13.0,33.0,13.0,20.0,35.0,23.0,42.0,52.0,84.0,56.0,38.0,70.0,17.0,23.0,27.0,18.0,84.0,89.0,74.0,86.0,88.0,GK
216267,A. Robertson,https://cdn.sofifa.com/players/216/267/22_60.png,83500000,88.0,55.0,67.0,82.0,81.0,71.0,76.0,83.0,83.0,85.0,85.0,76.0,95.0,65.0,65.0,85.0,55.0,84.0,11.0,8.0,10.0,7.0,14.0,LB
235805,F. Chiesa,https://cdn.sofifa.com/players/235/805/22_60.png,80500000,73.0,79.0,50.0,78.0,89.0,52.0,72.0,82.0,91.0,91.0,83.0,86.0,85.0,71.0,84.0,69.0,62.0,44.0,6.0,7.0,8.0,9.0,7.0,CAM
199556,M. Verratti,https://cdn.sofifa.com/players/199/556/22_60.png,79500000,82.0,60.0,57.0,90.0,91.0,64.0,89.0,92.0,68.0,60.0,87.0,60.0,76.0,54.0,58.0,89.0,64.0,82.0,12.0,12.0,15.0,15.0,10.0,CM
195864,P. Pogba,https://cdn.sofifa.com/players/195/864/22_60.png,79500000,77.0,75.0,74.0,88.0,88.0,82.0,92.0,90.0,63.0,77.0,83.0,90.0,77.0,89.0,84.0,78.0,81.0,67.0,5.0,6.0,2.0,4.0,3.0,CM
230142,Oyarzabal,https://cdn.sofifa.com/players/230/142/22_60.png,77500000,82.0,84.0,60.0,83.0,85.0,71.0,73.0,85.0,83.0,81.0,81.0,80.0,82.0,57.0,81.0,52.0,84.0,32.0,10.0,6.0,10.0,13.0,11.0,LW
231677,M. Rashford,https://cdn.sofifa.com/players/231/677/22_60.png,77500000,80.0,83.0,68.0,80.0,86.0,76.0,71.0,84.0,86.0,93.0,84.0,92.0,86.0,75.0,81.0,73.0,84.0,38.0,11.0,6.0,15.0,7.0,14.0,CAM
209499,Fabinho,https://cdn.sofifa.com/players/209/499/22_60.png,73500000,75.0,63.0,75.0,84.0,78.0,53.0,82.0,81.0,65.0,68.0,86.0,81.0,88.0,81.0,70.0,85.0,90.0,87.0,13.0,12.0,6.0,8.0,8.0,CDM
210514,João Cancelo,https://cdn.sofifa.com/players/210/514/22_60.png,71500000,86.0,68.0,72.0,85.0,85.0,69.0,78.0,85.0,86.0,84.0,85.0,80.0,90.0,62.0,75.0,73.0,46.0,82.0,6.0,9.0,15.0,14.0,14.0,RB
235212,A. Hakimi,https://cdn.sofifa.com/players/235/212/22_60.png,69500000,86.0,73.0,68.0,81.0,84.0,55.0,73.0,83.0,95.0,95.0,84.0,77.0,91.0,73.0,70.0,75.0,46.0,78.0,10.0,8.0,14.0,6.0,8.0,RB
201535,R. Varane,https://cdn.sofifa.com/players/201/535/22_60.png,68500000,42.0,46.0,86.0,78.0,55.0,52.0,76.0,78.0,79.0,85.0,84.0,52.0,76.0,86.0,53.0,80.0,43.0,88.0,11.0,11.0,9.0,5.0,14.0,CB
241461,Ferran Torres,https://cdn.sofifa.com/players/241/461/22_60.png,68500000,77.0,81.0,73.0,80.0,84.0,60.0,78.0,81.0,87.0,78.0,81.0,79.0,73.0,70.0,76.0,45.0,66.0,24.0,12.0,9.0,11.0,15.0,12.0,CAM
192387,C. Immobile,https://cdn.sofifa.com/players/192/387/22_60.png,67500000,55.0,91.0,81.0,80.0,80.0,51.0,53.0,83.0,84.0,87.0,90.0,86.0,78.0,76.0,80.0,77.0,88.0,33.0,6.0,8.0,15.0,12.0,6.0,ST
226790,W. Ndidi,https://cdn.sofifa.com/players/226/790/22_60.png,66500000,53.0,50.0,72.0,78.0,72.0,60.0,75.0,77.0,65.0,68.0,88.0,80.0,90.0,78.0,70.0,87.0,57.0,90.0,13.0,14.0,7.0,7.0,13.0,CB
204485,R. Mahrez,https://cdn.sofifa.com/players/204/485/22_60.png,65500000,81.0,82.0,48.0,83.0,91.0,78.0,75.0,91.0,84.0,79.0,81.0,80.0,75.0,57.0,80.0,48.0,70.0,31.0,15.0,9.0,13.0,11.0,6.0,RW
198219,L. Insigne,https://cdn.sofifa.com/players/198/219/22_60.png,65500000,77.0,76.0,59.0,87.0,90.0,86.0,84.0,93.0,90.0,84.0,79.0,76.0,74.0,34.0,82.0,34.0,87.0,24.0,8.0,4.0,14.0,9.0,10.0,LW
206113,S. Gnabry,https://cdn.sofifa.com/players/206/113/22_60.png,64500000,74.0,86.0,42.0,82.0,88.0,62.0,78.0,83.0,90.0,77.0,86.0,87.0,78.0,68.0,82.0,63.0,68.0,44.0,14.0,10.0,10.0,9.0,7.0,RM
224232,N. Barella,https://cdn.sofifa.com/players/224/232/22_60.png,63500000,69.0,69.0,53.0,86.0,83.0,67.0,79.0,87.0,80.0,76.0,89.0,69.0,95.0,69.0,72.0,79.0,73.0,75.0,11.0,5.0,13.0,14.0,11.0,CM
232656,T. Hernández,https://cdn.sofifa.com/players/232/656/22_60.png,62500000,84.0,68.0,74.0,78.0,83.0,64.0,68.0,79.0,92.0,94.0,84.0,80.0,90.0,79.0,72.0,82.0,50.0,79.0,12.0,10.0,7.0,7.0,7.0,LB
233064,M. Mount,https://cdn.sofifa.com/players/233/064/22_60.png,58500000,82.0,79.0,59.0,86.0,82.0,83.0,83.0,85.0,77.0,71.0,84.0,81.0,86.0,54.0,82.0,68.0,60.0,57.0,11.0,12.0,13.0,8.0,12.0,CAM
240130,Éder Militão,https://cdn.sofifa.com/players/240/130/22_60.png,56500000,72.0,48.0,81.0,77.0,70.0,40.0,70.0,73.0,81.0,84.0,83.0,62.0,85.0,80.0,42.0,82.0,60.0,83.0,11.0,8.0,15.0,12.0,15.0,CB
212188,T. Werner,https://cdn.sofifa.com/players/212/188/22_60.png,56500000,69.0,81.0,76.0,79.0,82.0,58.0,55.0,84.0,93.0,89.0,87.0,85.0,83.0,65.0,77.0,63.0,78.0,20.0,9.0,9.0,8.0,15.0,9.0,ST
201024,K. Koulibaly,https://cdn.sofifa.com/players/201/024/22_60.png,55500000,30.0,22.0,84.0,63.0,69.0,28.0,63.0,64.0,74.0,87.0,83.0,55.0,70.0,94.0,15.0,83.0,33.0,88.0,7.0,11.0,7.0,13.0,5.0,CB
189513,Parejo,https://cdn.sofifa.com/players/189/513/22_60.png,53500000,86.0,83.0,61.0,92.0,82.0,90.0,90.0,86.0,52.0,49.0,80.0,81.0,78.0,70.0,88.0,58.0,88.0,70.0,5.0,9.0,12.0,14.0,8.0,CM
241852,M. Diaby,https://cdn.sofifa.com/players/241/852/22_60.png,52500000,75.0,73.0,28.0,78.0,87.0,41.0,70.0,82.0,96.0,92.0,77.0,73.0,70.0,44.0,54.0,51.0,42.0,35.0,8.0,9.0,8.0,8.0,14.0,LM
193747,Koke,https://cdn.sofifa.com/players/193/747/22_60.png,52500000,85.0,72.0,61.0,86.0,80.0,76.0,84.0,83.0,72.0,69.0,88.0,83.0,93.0,75.0,80.0,79.0,67.0,81.0,14.0,12.0,5.0,10.0,13.0,CM
205498,Jorginho,https://cdn.sofifa.com/players/205/498/22_60.png,52500000,75.0,64.0,56.0,92.0,79.0,76.0,89.0,87.0,61.0,50.0,82.0,71.0,87.0,66.0,62.0,79.0,91.0,81.0,14.0,7.0,13.0,14.0,8.0,CM
230666,Gabriel Jesus,https://cdn.sofifa.com/players/230/666/22_60.png,52500000,66.0,84.0,77.0,77.0,86.0,54.0,66.0,86.0,87.0,82.0,86.0,82.0,79.0,69.0,76.0,73.0,75.0,30.0,13.0,8.0,6.0,6.0,15.0,ST
240950,Pedro Gonçalves,https://cdn.sofifa.com/players/240/950/22_60.png,51500000,75.0,84.0,40.0,83.0,83.0,72.0,78.0,84.0,77.0,76.0,84.0,81.0,85.0,58.0,76.0,64.0,74.0,57.0,15.0,11.0,15.0,7.0,8.0,CAM
186942,I. Gündoğan,https://cdn.sofifa.com/players/186/942/22_60.png,51500000,78.0,80.0,50.0,88.0,86.0,80.0,85.0,89.0,66.0,65.0,86.0,79.0,74.0,73.0,81.0,70.0,80.0,75.0,11.0,14.0,5.0,5.0,13.0,CM
234153,Carlos Soler,https://cdn.sofifa.com/players/234/153/22_60.png,51500000,77.0,78.0,56.0,85.0,80.0,82.0,82.0,81.0,75.0,80.0,83.0,77.0,85.0,70.0,76.0,65.0,86.0,79.0,6.0,14.0,7.0,13.0,11.0,CAM
206517,J. Grealish,https://cdn.sofifa.com/players/206/517/22_60.png,50500000,81.0,77.0,36.0,85.0,89.0,74.0,82.0,88.0,81.0,79.0,79.0,76.0,80.0,61.0,80.0,60.0,58.0,49.0,11.0,6.0,11.0,10.0,13.0,CAM
230938,F. Kessié,https://cdn.sofifa.com/players/230/938/22_60.png,49500000,66.0,67.0,68.0,83.0,78.0,48.0,75.0,84.0,76.0,79.0,81.0,84.0,94.0,86.0,78.0,84.0,89.0,84.0,9.0,11.0,12.0,12.0,10.0,CDM
215698,M. Maignan,https://cdn.sofifa.com/players/215/698/22_60.png,49500000,18.0,15.0,17.0,55.0,32.0,16.0,46.0,40.0,49.0,51.0,82.0,64.0,39.0,78.0,20.0,30.0,15.0,16.0,83.0,81.0,85.0,84.0,86.0,GK
183898,A. Di María,https://cdn.sofifa.com/players/183/898/22_60.png,49500000,88.0,79.0,51.0,84.0,88.0,88.0,82.0,87.0,83.0,83.0,84.0,83.0,78.0,62.0,86.0,73.0,73.0,55.0,10.0,7.0,11.0,12.0,11.0,RW
205988,L. Shaw,https://cdn.sofifa.com/players/205/988/22_60.png,48500000,85.0,44.0,78.0,82.0,80.0,54.0,69.0,82.0,76.0,81.0,82.0,70.0,80.0,79.0,54.0,84.0,44.0,83.0,10.0,12.0,13.0,7.0,7.0,LB
247263,E. Tapsoba,https://cdn.sofifa.com/players/247/263/22_60.png,48500000,39.0,54.0,82.0,81.0,66.0,32.0,80.0,72.0,74.0,75.0,77.0,74.0,75.0,81.0,30.0,80.0,77.0,84.0,5.0,10.0,13.0,7.0,15.0,CB
229880,A. Wan-Bissaka,https://cdn.sofifa.com/players/229/880/22_60.png,48500000,73.0,46.0,51.0,76.0,80.0,45.0,58.0,76.0,82.0,88.0,83.0,70.0,81.0,72.0,46.0,78.0,44.0,87.0,9.0,8.0,6.0,8.0,8.0,RWB
204963,Carvajal,https://cdn.sofifa.com/players/204/963/22_60.png,47500000,82.0,51.0,72.0,83.0,78.0,47.0,74.0,83.0,79.0,80.0,83.0,68.0,89.0,74.0,47.0,84.0,45.0,82.0,13.0,13.0,15.0,9.0,15.0,RB
238794,Vinícius Jr.,https://cdn.sofifa.com/players/238/794/22_60.png,46500000,71.0,69.0,50.0,72.0,89.0,62.0,67.0,85.0,95.0,95.0,75.0,73.0,80.0,62.0,68.0,58.0,65.0,25.0,5.0,7.0,7.0,7.0,10.0,RM
231943,Richarlison,https://cdn.sofifa.com/players/231/943/22_60.png,46500000,73.0,80.0,83.0,79.0,86.0,65.0,61.0,83.0,85.0,81.0,82.0,83.0,83.0,77.0,70.0,84.0,77.0,58.0,12.0,7.0,8.0,11.0,13.0,ST
225850,P. Kimpembe,https://cdn.sofifa.com/players/225/850/22_60.png,45500000,59.0,31.0,80.0,80.0,63.0,32.0,75.0,78.0,80.0,81.0,80.0,70.0,81.0,87.0,37.0,90.0,57.0,86.0,7.0,8.0,14.0,15.0,9.0,CB
246669,B. Saka,https://cdn.sofifa.com/players/246/669/22_60.png,45500000,79.0,69.0,45.0,79.0,84.0,69.0,63.0,80.0,86.0,82.0,76.0,68.0,77.0,58.0,65.0,66.0,64.0,69.0,7.0,8.0,13.0,9.0,13.0,LM
220814,L. Hernández,https://cdn.sofifa.com/players/220/814/22_60.png,44500000,78.0,53.0,82.0,74.0,65.0,39.0,63.0,76.0,77.0,77.0,85.0,62.0,76.0,77.0,51.0,88.0,42.0,85.0,10.0,7.0,8.0,14.0,10.0,CB
176580,L. Suárez,https://cdn.sofifa.com/players/176/580/22_60.png,44500000,80.0,93.0,84.0,83.0,83.0,82.0,77.0,86.0,76.0,69.0,92.0,89.0,78.0,85.0,88.0,87.0,83.0,45.0,27.0,25.0,31.0,33.0,37.0,ST
237383,A. Bastoni,https://cdn.sofifa.com/players/237/383/22_60.png,44500000,67.0,26.0,81.0,72.0,68.0,36.0,73.0,72.0,62.0,68.0,78.0,49.0,81.0,81.0,25.0,80.0,47.0,84.0,11.0,5.0,9.0,11.0,12.0,CB
228618,F. Mendy,https://cdn.sofifa.com/players/228/618/22_60.png,43500000,78.0,63.0,72.0,80.0,80.0,35.0,78.0,78.0,91.0,92.0,82.0,69.0,89.0,83.0,64.0,82.0,49.0,81.0,7.0,16.0,9.0,10.0,9.0,LWB
229906,L. Bailey,https://cdn.sofifa.com/players/229/906/22_60.png,43500000,74.0,79.0,57.0,73.0,86.0,79.0,66.0,82.0,93.0,93.0,80.0,79.0,75.0,61.0,78.0,55.0,71.0,25.0,12.0,13.0,6.0,15.0,14.0,LM
188567,P. Aubameyang,https://cdn.sofifa.com/players/188/567/22_60.png,43500000,76.0,89.0,73.0,77.0,79.0,76.0,64.0,81.0,87.0,91.0,86.0,82.0,79.0,74.0,78.0,43.0,83.0,29.0,6.0,9.0,15.0,9.0,9.0,ST
225100,J. Gomez,https://cdn.sofifa.com/players/225/100/22_60.png,43500000,69.0,26.0,74.0,78.0,67.0,29.0,65.0,73.0,75.0,85.0,82.0,41.0,67.0,83.0,26.0,81.0,26.0,84.0,8.0,13.0,14.0,7.0,7.0,CB
213648,P. Højbjerg,https://cdn.sofifa.com/players/213/648/22_60.png,43500000,66.0,65.0,65.0,83.0,76.0,74.0,80.0,80.0,58.0,61.0,82.0,84.0,88.0,78.0,79.0,87.0,51.0,84.0,9.0,7.0,12.0,11.0,11.0,CDM
211688,Gayà,https://cdn.sofifa.com/players/211/688/22_60.png,43500000,80.0,61.0,58.0,81.0,79.0,49.0,75.0,82.0,81.0,85.0,84.0,62.0,87.0,66.0,59.0,76.0,52.0,82.0,13.0,10.0,9.0,12.0,9.0,LWB
203263,H. Maguire,https://cdn.sofifa.com/players/203/263/22_60.png,42500000,51.0,48.0,87.0,78.0,71.0,46.0,84.0,76.0,47.0,53.0,84.0,75.0,82.0,90.0,52.0,84.0,44.0,83.0,14.0,16.0,9.0,14.0,9.0,CB
208670,H. Ziyech,https://cdn.sofifa.com/players/208/670/22_60.png,42500000,88.0,73.0,52.0,86.0,83.0,78.0,89.0,85.0,79.0,77.0,84.0,83.0,79.0,58.0,77.0,73.0,67.0,56.0,11.0,7.0,11.0,8.0,14.0,RW
207862,M. Ginter,https://cdn.sofifa.com/players/207/862/22_60.png,42500000,68.0,55.0,84.0,79.0,61.0,42.0,78.0,75.0,54.0,69.0,86.0,74.0,75.0,84.0,46.0,74.0,67.0,89.0,12.0,10.0,6.0,8.0,10.0,CB
198706,Luis Alberto,https://cdn.sofifa.com/players/198/706/22_60.png,42500000,69.0,77.0,49.0,92.0,85.0,79.0,90.0,91.0,61.0,59.0,74.0,78.0,75.0,64.0,76.0,29.0,56.0,58.0,6.0,8.0,6.0,12.0,11.0,CAM
208574,F. Kostić,https://cdn.sofifa.com/players/208/574/22_60.png,42500000,91.0,75.0,59.0,80.0,85.0,80.0,75.0,82.0,89.0,88.0,82.0,85.0,90.0,77.0,78.0,80.0,64.0,72.0,13.0,14.0,12.0,12.0,13.0,LM
239231,Cucurella,https://cdn.sofifa.com/players/239/231/22_60.png,41500000,81.0,68.0,57.0,81.0,80.0,48.0,79.0,81.0,78.0,80.0,82.0,73.0,88.0,66.0,65.0,76.0,47.0,78.0,13.0,7.0,9.0,10.0,11.0,LM
199451,W. Ben Yedder,https://cdn.sofifa.com/players/199/451/22_60.png,41500000,74.0,88.0,74.0,82.0,87.0,76.0,66.0,87.0,83.0,81.0,86.0,84.0,75.0,69.0,74.0,62.0,85.0,33.0,6.0,13.0,9.0,7.0,7.0,CF
232488,C. Romero,https://cdn.sofifa.com/players/232/488/22_60.png,41500000,39.0,48.0,83.0,69.0,50.0,38.0,49.0,68.0,80.0,73.0,81.0,51.0,83.0,82.0,37.0,89.0,40.0,84.0,5.0,7.0,11.0,10.0,14.0,CB
220697,J. Maddison,https://cdn.sofifa.com/players/220/697/22_60.png,41500000,81.0,75.0,35.0,84.0,84.0,84.0,82.0,86.0,78.0,72.0,76.0,83.0,74.0,51.0,80.0,68.0,74.0,65.0,11.0,14.0,14.0,12.0,14.0,CAM
207410,M. Kovačić,https://cdn.sofifa.com/players/207/410/22_60.png,41500000,73.0,61.0,42.0,90.0,89.0,70.0,82.0,89.0,77.0,65.0,81.0,79.0,79.0,63.0,75.0,77.0,59.0,73.0,9.0,5.0,6.0,7.0,7.0,CM
229984,B. Chilwell,https://cdn.sofifa.com/players/229/984/22_60.png,40500000,82.0,49.0,68.0,79.0,78.0,67.0,73.0,81.0,77.0,75.0,80.0,72.0,88.0,69.0,42.0,73.0,52.0,79.0,10.0,7.0,14.0,7.0,10.0,LWB
243576,Pedro Porro,https://cdn.sofifa.com/players/243/576/22_60.png,40500000,80.0,61.0,66.0,75.0,79.0,67.0,71.0,82.0,76.0,83.0,78.0,81.0,83.0,73.0,74.0,74.0,46.0,78.0,15.0,7.0,14.0,5.0,7.0,RWB
200458,L. Digne,https://cdn.sofifa.com/players/200/458/22_60.png,40500000,88.0,60.0,71.0,81.0,78.0,83.0,73.0,84.0,81.0,77.0,83.0,83.0,86.0,69.0,76.0,76.0,60.0,83.0,6.0,12.0,9.0,6.0,13.0,LB
181291,G. Wijnaldum,https://cdn.sofifa.com/players/181/291/22_60.png,40500000,72.0,75.0,78.0,87.0,85.0,73.0,81.0,88.0,78.0,76.0,86.0,78.0,93.0,74.0,73.0,75.0,74.0,80.0,16.0,6.0,14.0,12.0,6.0,CM
210243,Ricardo Pereira,https://cdn.sofifa.com/players/210/243/22_60.png,40500000,82.0,66.0,67.0,82.0,81.0,52.0,77.0,83.0,82.0,83.0,83.0,74.0,84.0,69.0,64.0,79.0,61.0,84.0,16.0,12.0,15.0,11.0,11.0,RB
212190,N. Süle,https://cdn.sofifa.com/players/212/190/22_60.png,40500000,34.0,22.0,84.0,78.0,43.0,30.0,69.0,62.0,48.0,79.0,79.0,77.0,63.0,93.0,62.0,85.0,32.0,86.0,15.0,7.0,14.0,7.0,15.0,CB
209889,R. Guerreiro,https://cdn.sofifa.com/players/209/889/22_60.png,40500000,84.0,77.0,43.0,88.0,88.0,82.0,82.0,87.0,84.0,67.0,86.0,79.0,79.0,50.0,80.0,52.0,44.0,79.0,12.0,6.0,8.0,11.0,8.0,LB
236610,M. Kean,https://cdn.sofifa.com/players/236/610/22_60.png,39500000,48.0,81.0,76.0,68.0,80.0,44.0,39.0,76.0,84.0,85.0,74.0,84.0,71.0,85.0,66.0,57.0,65.0,36.0,13.0,8.0,10.0,7.0,9.0,ST
255475,Antony,https://cdn.sofifa.com/players/255/475/22_60.png,39500000,70.0,75.0,45.0,73.0,84.0,75.0,62.0,84.0,93.0,90.0,74.0,69.0,78.0,57.0,69.0,72.0,65.0,37.0,9.0,10.0,14.0,8.0,13.0,CAM
208421,Saúl,https://cdn.sofifa.com/players/208/421/22_60.png,39500000,69.0,76.0,83.0,84.0,80.0,60.0,82.0,82.0,69.0,72.0,80.0,82.0,86.0,77.0,80.0,76.0,68.0,78.0,7.0,13.0,12.0,10.0,9.0,CM
238359,21 Wendel,https://cdn.sofifa.com/players/238/359/21_60.png,39500000,67.0,67.0,57.0,85.0,81.0,64.0,77.0,80.0,76.0,80.0,78.0,86.0,82.0,68.0,84.0,69.0,66.0,75.0,14.0,5.0,13.0,6.0,7.0,CAM
205632,L. Ocampos,https://cdn.sofifa.com/players/205/632/22_60.png,39500000,79.0,86.0,77.0,80.0,85.0,65.0,72.0,84.0,80.0,82.0,85.0,84.0,91.0,81.0,80.0,82.0,79.0,61.0,11.0,8.0,15.0,12.0,7.0,LW
243812,Rodrygo,https://cdn.sofifa.com/players/243/812/22_60.png,38500000,71.0,80.0,62.0,74.0,84.0,73.0,60.0,80.0,88.0,86.0,76.0,71.0,81.0,42.0,71.0,54.0,74.0,36.0,9.0,8.0,12.0,8.0,5.0,CAM
221363,D. van de Beek,https://cdn.sofifa.com/players/221/363/22_60.png,38500000,67.0,78.0,69.0,81.0,76.0,65.0,78.0,85.0,67.0,69.0,81.0,83.0,84.0,74.0,78.0,76.0,61.0,73.0,7.0,12.0,8.0,10.0,14.0,CM
221479,D. Calvert-Lewin,https://cdn.sofifa.com/players/221/479/22_60.png,37500000,65.0,82.0,89.0,72.0,76.0,54.0,47.0,80.0,76.0,89.0,81.0,79.0,80.0,83.0,65.0,78.0,77.0,31.0,12.0,12.0,8.0,7.0,11.0,ST
220440,C. Lenglet,https://cdn.sofifa.com/players/220/440/22_60.png,37500000,55.0,39.0,81.0,78.0,57.0,31.0,74.0,75.0,73.0,74.0,79.0,58.0,75.0,80.0,46.0,77.0,49.0,81.0,10.0,10.0,9.0,12.0,7.0,CB
189575,Muniain,https://cdn.sofifa.com/players/189/575/22_60.png,36500000,81.0,79.0,43.0,85.0,87.0,78.0,74.0,87.0,84.0,78.0,80.0,72.0,77.0,49.0,77.0,66.0,61.0,55.0,10.0,5.0,5.0,13.0,12.0,CAM
186345,K. Trippier,https://cdn.sofifa.com/players/186/345/22_60.png,36500000,86.0,54.0,79.0,81.0,74.0,82.0,80.0,82.0,74.0,73.0,81.0,75.0,87.0,64.0,70.0,73.0,66.0,81.0,11.0,14.0,8.0,11.0,10.0,RB
251573,Renan Lodi,https://cdn.sofifa.com/players/251/573/22_60.png,36500000,81.0,64.0,70.0,77.0,81.0,57.0,75.0,81.0,85.0,83.0,80.0,76.0,84.0,70.0,68.0,78.0,54.0,78.0,12.0,7.0,11.0,10.0,15.0,LWB
209989,T. Partey,https://cdn.sofifa.com/players/209/989/22_60.png,36500000,74.0,66.0,68.0,87.0,84.0,70.0,85.0,83.0,63.0,74.0,82.0,86.0,83.0,84.0,78.0,84.0,49.0,84.0,11.0,13.0,9.0,9.0,7.0,CM
240243,Matheus Cunha,https://cdn.sofifa.com/players/240/243/22_60.png,35500000,75.0,78.0,64.0,76.0,86.0,64.0,67.0,83.0,84.0,86.0,78.0,77.0,75.0,66.0,79.0,67.0,74.0,28.0,8.0,7.0,13.0,13.0,11.0,CAM
229668,Mario Hermoso,https://cdn.sofifa.com/players/229/668/22_60.png,35500000,71.0,42.0,79.0,78.0,66.0,55.0,77.0,75.0,73.0,79.0,82.0,65.0,77.0,81.0,46.0,83.0,45.0,84.0,13.0,8.0,10.0,5.0,8.0,CB
230481,Ronaldo Cabrais,https://cdn.sofifa.com/players/230/481/22_60.png,35500000,83.0,74.0,64.0,83.0,85.0,78.0,82.0,83.0,90.0,87.0,84.0,82.0,88.0,68.0,78.0,62.0,77.0,35.0,12.0,12.0,13.0,15.0,13.0,RM
197445,D. Alaba,https://cdn.sofifa.com/players/197/445/22_60.png,35500000,80.0,60.0,74.0,85.0,77.0,85.0,80.0,84.0,78.0,77.0,88.0,82.0,75.0,76.0,78.0,74.0,79.0,83.0,5.0,7.0,14.0,15.0,9.0,CB
226226,G. Lo Celso,https://cdn.sofifa.com/players/226/226/22_60.png,35500000,79.0,75.0,60.0,84.0,83.0,79.0,83.0,85.0,76.0,75.0,82.0,82.0,76.0,70.0,75.0,82.0,65.0,75.0,10.0,7.0,10.0,15.0,14.0,CAM
204838,R. Jiménez,https://cdn.sofifa.com/players/204/838/22_60.png,35500000,73.0,84.0,85.0,81.0,84.0,51.0,75.0,82.0,63.0,80.0,82.0,84.0,82.0,84.0,74.0,81.0,92.0,38.0,7.0,11.0,13.0,14.0,10.0,ST
212523,Anderson Talisca,https://cdn.sofifa.com/players/212/523/22_60.png,35500000,75.0,81.0,77.0,84.0,83.0,87.0,82.0,84.0,84.0,76.0,78.0,84.0,82.0,75.0,87.0,67.0,75.0,55.0,13.0,11.0,13.0,12.0,10.0,CAM
216354,A. Kramarić,https://cdn.sofifa.com/players/216/354/22_60.png,35500000,76.0,87.0,69.0,81.0,87.0,78.0,63.0,86.0,76.0,67.0,84.0,84.0,76.0,68.0,85.0,73.0,91.0,20.0,8.0,14.0,14.0,7.0,15.0,ST
215333,D. Zapata,https://cdn.sofifa.com/players/215/333/22_60.png,35500000,44.0,88.0,83.0,74.0,79.0,62.0,47.0,82.0,78.0,81.0,82.0,86.0,75.0,93.0,64.0,72.0,70.0,24.0,9.0,9.0,8.0,6.0,8.0,ST
226166,N. Mukiele,https://cdn.sofifa.com/players/226/166/22_60.png,34500000,74.0,40.0,74.0,73.0,73.0,33.0,70.0,74.0,77.0,82.0,77.0,67.0,79.0,79.0,52.0,83.0,45.0,85.0,10.0,7.0,14.0,11.0,15.0,CB
211300,A. Martial,https://cdn.sofifa.com/players/211/300/22_60.png,34500000,73.0,80.0,71.0,78.0,88.0,54.0,60.0,86.0,87.0,87.0,79.0,83.0,68.0,74.0,76.0,54.0,80.0,33.0,9.0,8.0,8.0,15.0,11.0,CAM
205452,A. Rüdiger,https://cdn.sofifa.com/players/205/452/22_60.png,34500000,68.0,32.0,81.0,76.0,60.0,56.0,73.0,69.0,64.0,84.0,82.0,72.0,69.0,88.0,44.0,92.0,40.0,86.0,14.0,15.0,10.0,12.0,8.0,CB
190286,Canales,https://cdn.sofifa.com/players/190/286/22_60.png,34500000,81.0,79.0,50.0,84.0,82.0,84.0,87.0,83.0,85.0,82.0,83.0,78.0,80.0,71.0,84.0,68.0,80.0,71.0,15.0,12.0,16.0,13.0,12.0,CAM
204639,S. Savić,https://cdn.sofifa.com/players/204/639/22_60.png,34500000,35.0,34.0,84.0,73.0,47.0,28.0,72.0,67.0,60.0,67.0,83.0,43.0,53.0,83.0,31.0,86.0,37.0,86.0,14.0,13.0,14.0,13.0,12.0,CB
230869,Unai Simón,https://cdn.sofifa.com/players/230/869/22_60.png,34500000,16.0,14.0,18.0,40.0,12.0,14.0,37.0,16.0,46.0,48.0,72.0,57.0,45.0,76.0,13.0,27.0,24.0,18.0,82.0,77.0,76.0,85.0,84.0,GK
241084,L. Díaz,https://cdn.sofifa.com/players/241/084/22_60.png,33500000,75.0,76.0,50.0,71.0,85.0,47.0,66.0,79.0,92.0,92.0,79.0,82.0,83.0,66.0,82.0,66.0,44.0,36.0,10.0,13.0,13.0,14.0,14.0,RM
210935,D. Berardi,https://cdn.sofifa.com/players/210/935/22_60.png,33500000,77.0,80.0,62.0,85.0,83.0,75.0,79.0,88.0,81.0,77.0,77.0,83.0,70.0,63.0,80.0,85.0,76.0,30.0,5.0,6.0,5.0,5.0,6.0,RW
143076,A. Gómez,https://cdn.sofifa.com/players/143/076/22_60.png,33500000,83.0,77.0,38.0,85.0,85.0,79.0,80.0,86.0,91.0,83.0,86.0,79.0,75.0,44.0,82.0,56.0,72.0,30.0,8.0,11.0,12.0,9.0,6.0,CAM
199434,D. Tadić,https://cdn.sofifa.com/players/199/434/22_60.png,33500000,86.0,83.0,66.0,87.0,85.0,79.0,80.0,87.0,67.0,70.0,83.0,79.0,88.0,80.0,77.0,56.0,86.0,34.0,11.0,11.0,14.0,9.0,16.0,LW
225375,K. Laimer,https://cdn.sofifa.com/players/225/375/22_60.png,33500000,78.0,69.0,69.0,82.0,78.0,47.0,78.0,78.0,82.0,81.0,79.0,72.0,88.0,69.0,68.0,85.0,54.0,79.0,9.0,12.0,12.0,13.0,12.0,RWB
244369,V. Tsygankov,https://cdn.sofifa.com/players/244/369/22_60.png,33500000,77.0,75.0,45.0,80.0,80.0,76.0,73.0,81.0,84.0,85.0,78.0,70.0,74.0,49.0,74.0,57.0,73.0,36.0,9.0,7.0,15.0,6.0,12.0,CAM
202811,E. Martínez,https://cdn.sofifa.com/players/202/811/22_60.png,33500000,22.0,16.0,26.0,50.0,13.0,20.0,51.0,35.0,59.0,57.0,80.0,62.0,40.0,70.0,16.0,37.0,42.0,20.0,85.0,83.0,82.0,83.0,85.0,GK
241095,N. Vlašić,https://cdn.sofifa.com/players/241/095/22_60.png,33500000,71.0,76.0,65.0,81.0,85.0,72.0,77.0,80.0,82.0,83.0,78.0,80.0,80.0,69.0,81.0,68.0,66.0,55.0,6.0,14.0,15.0,9.0,14.0,CAM
205569,J. Ward-Prowse,https://cdn.sofifa.com/players/205/569/22_60.png,33500000,89.0,71.0,57.0,85.0,76.0,92.0,84.0,82.0,66.0,54.0,75.0,82.0,91.0,64.0,79.0,73.0,79.0,74.0,12.0,12.0,10.0,15.0,15.0,CM
245279,Reguilón,https://cdn.sofifa.com/players/245/279/22_60.png,32500000,82.0,52.0,72.0,78.0,78.0,45.0,70.0,81.0,84.0,87.0,77.0,72.0,77.0,65.0,58.0,76.0,42.0,79.0,11.0,14.0,9.0,5.0,12.0,LB
202651,Suso,https://cdn.sofifa.com/players/202/651/22_60.png,32500000,84.0,72.0,50.0,84.0,87.0,81.0,75.0,88.0,78.0,75.0,78.0,78.0,72.0,54.0,87.0,38.0,72.0,23.0,15.0,15.0,9.0,8.0,9.0,RW
224081,K. Phillips,https://cdn.sofifa.com/players/224/081/22_60.png,32500000,70.0,62.0,65.0,80.0,73.0,71.0,82.0,79.0,69.0,66.0,76.0,75.0,85.0,78.0,67.0,86.0,58.0,82.0,8.0,8.0,8.0,12.0,14.0,CDM
220018,A. Rebić,https://cdn.sofifa.com/players/220/018/22_60.png,32500000,76.0,85.0,74.0,79.0,84.0,66.0,67.0,82.0,83.0,88.0,85.0,85.0,81.0,80.0,80.0,84.0,65.0,50.0,13.0,15.0,12.0,13.0,14.0,LM
210413,A. Romagnoli,https://cdn.sofifa.com/players/210/413/22_60.png,31500000,36.0,30.0,78.0,75.0,65.0,24.0,70.0,75.0,66.0,69.0,80.0,64.0,70.0,79.0,46.0,84.0,34.0,86.0,9.0,14.0,12.0,8.0,9.0,CB
231410,Brahim,https://cdn.sofifa.com/players/231/410/22_60.png,31500000,66.0,69.0,30.0,83.0,82.0,61.0,74.0,83.0,82.0,74.0,72.0,70.0,67.0,44.0,71.0,41.0,58.0,23.0,13.0,9.0,13.0,10.0,6.0,CAM
231352,T. Abraham,https://cdn.sofifa.com/players/231/352/22_60.png,31500000,50.0,82.0,80.0,77.0,72.0,42.0,46.0,77.0,61.0,77.0,79.0,78.0,69.0,79.0,68.0,49.0,74.0,23.0,12.0,7.0,8.0,13.0,13.0,ST
191043,Alex Sandro,https://cdn.sofifa.com/players/191/043/22_60.png,31500000,84.0,55.0,76.0,81.0,79.0,59.0,71.0,80.0,78.0,83.0,80.0,78.0,83.0,77.0,72.0,80.0,60.0,80.0,7.0,7.0,9.0,12.0,5.0,LB
238067,N. Zaniolo,https://cdn.sofifa.com/players/238/067/22_60.png,31500000,64.0,76.0,60.0,77.0,80.0,60.0,68.0,81.0,82.0,84.0,78.0,79.0,74.0,88.0,72.0,80.0,60.0,59.0,8.0,11.0,11.0,13.0,5.0,CAM
199914,Allan,https://cdn.sofifa.com/players/199/914/22_60.png,30500000,72.0,73.0,56.0,83.0,81.0,49.0,80.0,82.0,77.0,68.0,84.0,73.0,92.0,70.0,69.0,89.0,53.0,87.0,13.0,13.0,5.0,5.0,8.0,CDM
193165,J. Corona,https://cdn.sofifa.com/players/193/165/22_60.png,30500000,79.0,66.0,71.0,82.0,85.0,67.0,71.0,84.0,86.0,81.0,84.0,66.0,88.0,39.0,63.0,73.0,68.0,74.0,11.0,6.0,10.0,14.0,9.0,RM
246147,M. Greenwood,https://cdn.sofifa.com/players/246/147/22_60.png,30500000,72.0,77.0,65.0,76.0,81.0,65.0,69.0,78.0,83.0,84.0,77.0,83.0,74.0,69.0,78.0,59.0,67.0,39.0,5.0,6.0,6.0,9.0,8.0,CAM
229261,D. Zakaria,https://cdn.sofifa.com/players/229/261/22_60.png,30500000,67.0,66.0,67.0,79.0,76.0,46.0,73.0,76.0,79.0,86.0,82.0,73.0,81.0,87.0,63.0,85.0,38.0,82.0,12.0,12.0,7.0,13.0,11.0,CB
199823,Campaña,https://cdn.sofifa.com/players/199/823/22_60.png,30500000,81.0,73.0,65.0,84.0,83.0,78.0,82.0,85.0,70.0,66.0,80.0,76.0,82.0,71.0,76.0,63.0,69.0,75.0,8.0,11.0,6.0,7.0,10.0,CM
216547,Rafa,https://cdn.sofifa.com/players/216/547/22_60.png,30500000,78.0,74.0,46.0,77.0,86.0,56.0,62.0,85.0,93.0,94.0,83.0,75.0,77.0,40.0,71.0,47.0,59.0,47.0,9.0,11.0,11.0,12.0,8.0,RM
197061,J. Matip,https://cdn.sofifa.com/players/197/061/22_60.png,30500000,54.0,36.0,84.0,77.0,69.0,22.0,74.0,72.0,50.0,65.0,84.0,66.0,69.0,81.0,48.0,84.0,42.0,86.0,11.0,15.0,10.0,7.0,10.0,CB
210411,Otávio,https://cdn.sofifa.com/players/210/411/22_60.png,30500000,79.0,68.0,57.0,79.0,86.0,72.0,77.0,85.0,80.0,76.0,82.0,73.0,80.0,60.0,67.0,77.0,72.0,67.0,11.0,12.0,9.0,10.0,15.0,LM
226110,N. Pépé,https://cdn.sofifa.com/players/226/110/22_60.png,30500000,77.0,79.0,57.0,76.0,85.0,79.0,66.0,81.0,88.0,88.0,77.0,81.0,77.0,68.0,78.0,43.0,85.0,34.0,11.0,14.0,11.0,6.0,8.0,RM
219693,Diego Carlos,https://cdn.sofifa.com/players/219/693/22_60.png,30500000,35.0,32.0,79.0,76.0,65.0,71.0,74.0,71.0,77.0,77.0,84.0,73.0,73.0,87.0,57.0,85.0,41.0,79.0,7.0,10.0,14.0,7.0,11.0,CB
203486,T. Hazard,https://cdn.sofifa.com/players/203/486/22_60.png,30500000,81.0,74.0,42.0,82.0,85.0,81.0,72.0,84.0,84.0,76.0,81.0,77.0,78.0,65.0,76.0,57.0,79.0,47.0,6.0,9.0,7.0,7.0,8.0,LM
248243,E. Camavinga,https://cdn.sofifa.com/players/248/243/22_60.png,29500000,70.0,62.0,64.0,81.0,80.0,59.0,77.0,81.0,73.0,71.0,78.0,72.0,80.0,76.0,64.0,77.0,62.0,78.0,12.0,6.0,8.0,12.0,12.0,CM
236401,N. Mazraoui,https://cdn.sofifa.com/players/236/401/22_60.png,29500000,74.0,63.0,65.0,81.0,82.0,33.0,73.0,81.0,81.0,83.0,77.0,67.0,82.0,66.0,54.0,69.0,37.0,75.0,12.0,7.0,13.0,12.0,12.0,RB
192883,H. Mkhitaryan,https://cdn.sofifa.com/players/192/883/22_60.png,29500000,77.0,80.0,68.0,83.0,84.0,66.0,71.0,83.0,86.0,85.0,82.0,84.0,88.0,69.0,77.0,69.0,72.0,53.0,5.0,11.0,14.0,5.0,7.0,CF
183711,J. Henderson,https://cdn.sofifa.com/players/183/711/22_60.png,29500000,82.0,73.0,65.0,85.0,78.0,74.0,87.0,83.0,67.0,66.0,85.0,77.0,86.0,78.0,75.0,83.0,64.0,81.0,7.0,13.0,7.0,9.0,13.0,CDM
201519,J. Veretout,https://cdn.sofifa.com/players/201/519/22_60.png,29500000,69.0,69.0,59.0,85.0,76.0,71.0,80.0,82.0,84.0,72.0,79.0,83.0,85.0,79.0,80.0,84.0,85.0,81.0,9.0,10.0,11.0,8.0,9.0,CDM
190460,C. Eriksen,https://cdn.sofifa.com/players/190/460/22_60.png,29500000,86.0,73.0,52.0,89.0,77.0,87.0,90.0,90.0,63.0,62.0,79.0,84.0,59.0,52.0,85.0,46.0,67.0,57.0,9.0,14.0,7.0,7.0,6.0,CM
121939,17 P. Lahm,https://cdn.sofifa.com/players/121/939/17_60.png,29500000,84.0,47.0,63.0,86.0,82.0,59.0,77.0,86.0,68.0,67.0,91.0,57.0,79.0,59.0,65.0,58.0,69.0,87.0,11.0,12.0,5.0,14.0,5.0,RWB
227813,O. Zinchenko,https://cdn.sofifa.com/players/227/813/22_60.png,29500000,82.0,58.0,70.0,82.0,80.0,76.0,78.0,82.0,75.0,71.0,78.0,77.0,76.0,63.0,71.0,74.0,59.0,79.0,15.0,11.0,13.0,11.0,11.0,LB
256630,F. Wirtz,https://cdn.sofifa.com/players/256/630/22_60.png,29500000,71.0,70.0,39.0,80.0,85.0,54.0,73.0,83.0,76.0,68.0,73.0,65.0,78.0,50.0,65.0,63.0,60.0,57.0,14.0,14.0,13.0,6.0,10.0,CAM
237678,I. Konaté,https://cdn.sofifa.com/players/237/678/22_60.png,29500000,38.0,29.0,77.0,75.0,67.0,27.0,69.0,69.0,67.0,75.0,71.0,45.0,61.0,83.0,31.0,77.0,41.0,85.0,9.0,7.0,9.0,9.0,15.0,CB
253163,R. Araujo,https://cdn.sofifa.com/players/253/163/22_60.png,29500000,21.0,35.0,82.0,74.0,48.0,45.0,62.0,66.0,73.0,80.0,75.0,41.0,65.0,81.0,35.0,77.0,33.0,82.0,11.0,14.0,9.0,11.0,8.0,CB
210406,P. Zieliński,https://cdn.sofifa.com/players/210/406/22_60.png,29500000,77.0,72.0,52.0,84.0,87.0,65.0,81.0,85.0,83.0,79.0,79.0,79.0,75.0,57.0,83.0,56.0,51.0,72.0,12.0,9.0,12.0,11.0,6.0,CAM
239380,N. Lang,https://cdn.sofifa.com/players/239/380/22_60.png,28500000,66.0,76.0,48.0,78.0,84.0,57.0,67.0,80.0,85.0,80.0,76.0,72.0,76.0,63.0,69.0,65.0,71.0,53.0,13.0,7.0,13.0,12.0,12.0,CAM
187961,Paulinho,https://cdn.sofifa.com/players/187/961/22_60.png,28500000,67.0,83.0,85.0,82.0,82.0,75.0,76.0,83.0,73.0,71.0,82.0,83.0,91.0,82.0,80.0,81.0,71.0,79.0,16.0,16.0,11.0,6.0,8.0,CM
185122,P. Gulácsi,https://cdn.sofifa.com/players/185/122/22_60.png,28500000,16.0,10.0,23.0,35.0,19.0,11.0,31.0,25.0,42.0,44.0,81.0,57.0,35.0,74.0,12.0,34.0,24.0,16.0,85.0,84.0,76.0,82.0,86.0,GK
169195,21 Renato Augusto,https://cdn.sofifa.com/players/169/195/21_60.png,28500000,75.0,78.0,65.0,85.0,82.0,83.0,83.0,81.0,73.0,70.0,86.0,81.0,85.0,80.0,81.0,67.0,78.0,73.0,6.0,11.0,16.0,15.0,8.0,CM
238616,Pedro Neto,https://cdn.sofifa.com/players/238/616/22_60.png,28500000,70.0,76.0,49.0,75.0,83.0,51.0,56.0,80.0,86.0,87.0,75.0,76.0,72.0,56.0,74.0,53.0,62.0,23.0,6.0,13.0,7.0,12.0,6.0,CAM
207863,Felipe,https://cdn.sofifa.com/players/207/863/22_60.png,27500000,45.0,39.0,83.0,73.0,57.0,30.0,69.0,64.0,55.0,66.0,81.0,46.0,68.0,90.0,41.0,89.0,47.0,85.0,9.0,11.0,14.0,9.0,7.0,CB
230347,Welington Dano,https://cdn.sofifa.com/players/230/347/22_60.png,27500000,82.0,51.0,69.0,78.0,77.0,52.0,71.0,78.0,78.0,80.0,80.0,55.0,89.0,68.0,53.0,69.0,61.0,77.0,16.0,15.0,15.0,7.0,7.0,LB
233195,X. Schlager,https://cdn.sofifa.com/players/233/195/22_60.png,27500000,59.0,66.0,44.0,79.0,76.0,60.0,77.0,77.0,74.0,64.0,81.0,78.0,85.0,80.0,76.0,85.0,56.0,74.0,6.0,8.0,8.0,12.0,7.0,CDM
237238,S. McTominay,https://cdn.sofifa.com/players/237/238/22_60.png,27500000,68.0,71.0,78.0,81.0,78.0,53.0,78.0,76.0,62.0,69.0,79.0,85.0,84.0,84.0,81.0,88.0,60.0,81.0,9.0,6.0,6.0,10.0,11.0,CDM
212462,Alex Telles,https://cdn.sofifa.com/players/212/462/22_60.png,27500000,86.0,63.0,68.0,82.0,77.0,79.0,81.0,80.0,81.0,84.0,81.0,87.0,85.0,65.0,83.0,76.0,81.0,78.0,13.0,8.0,12.0,11.0,14.0,LB
220971,N. Keïta,https://cdn.sofifa.com/players/220/971/22_60.png,27500000,62.0,74.0,42.0,83.0,85.0,70.0,75.0,86.0,77.0,65.0,80.0,76.0,73.0,59.0,73.0,78.0,58.0,64.0,7.0,14.0,15.0,14.0,9.0,CAM
228093,M. Thuram,https://cdn.sofifa.com/players/228/093/22_60.png,27500000,74.0,80.0,80.0,75.0,84.0,30.0,62.0,79.0,79.0,84.0,81.0,82.0,79.0,87.0,75.0,50.0,70.0,49.0,11.0,13.0,14.0,9.0,15.0,ST
211256,N. Tagliafico,https://cdn.sofifa.com/players/211/256/22_60.png,27500000,76.0,55.0,82.0,77.0,73.0,40.0,75.0,77.0,79.0,81.0,81.0,65.0,89.0,75.0,46.0,84.0,46.0,80.0,13.0,9.0,10.0,15.0,16.0,LB
216409,M. Politano,https://cdn.sofifa.com/players/216/409/22_60.png,27500000,80.0,76.0,40.0,79.0,83.0,77.0,76.0,84.0,84.0,82.0,81.0,78.0,77.0,41.0,82.0,63.0,70.0,29.0,11.0,12.0,6.0,8.0,11.0,RM
205069,Juan Bernat,https://cdn.sofifa.com/players/205/069/22_60.png,27500000,83.0,65.0,56.0,81.0,82.0,51.0,73.0,82.0,82.0,82.0,81.0,67.0,79.0,58.0,62.0,75.0,53.0,81.0,8.0,9.0,12.0,11.0,16.0,LB
229857,S. Sensi,https://cdn.sofifa.com/players/229/857/22_60.png,27500000,78.0,49.0,45.0,87.0,79.0,75.0,84.0,90.0,71.0,64.0,73.0,69.0,65.0,50.0,73.0,71.0,73.0,73.0,10.0,6.0,8.0,11.0,13.0,CM
216388,A. Saint-Maximin,https://cdn.sofifa.com/players/216/388/22_60.png,26500000,70.0,65.0,53.0,74.0,91.0,58.0,64.0,83.0,93.0,90.0,74.0,80.0,74.0,63.0,70.0,36.0,58.0,18.0,10.0,9.0,12.0,7.0,7.0,CAM
226162,E. Buendía,https://cdn.sofifa.com/players/226/162/22_60.png,26500000,76.0,73.0,57.0,82.0,81.0,74.0,79.0,83.0,75.0,72.0,76.0,80.0,68.0,63.0,72.0,83.0,49.0,68.0,11.0,10.0,13.0,7.0,9.0,CAM
229582,G. Mancini,https://cdn.sofifa.com/players/229/582/22_60.png,26500000,34.0,48.0,82.0,67.0,51.0,34.0,42.0,75.0,59.0,65.0,80.0,51.0,86.0,83.0,34.0,85.0,47.0,81.0,13.0,12.0,8.0,6.0,8.0,CB
195859,D. Ings,https://cdn.sofifa.com/players/195/859/22_60.png,26500000,66.0,86.0,78.0,75.0,78.0,70.0,61.0,81.0,82.0,76.0,86.0,83.0,74.0,69.0,83.0,67.0,81.0,45.0,10.0,13.0,12.0,16.0,6.0,ST
231969,R. Malinovskyi,https://cdn.sofifa.com/players/231/969/22_60.png,26500000,79.0,73.0,74.0,85.0,83.0,86.0,81.0,85.0,73.0,74.0,77.0,90.0,81.0,79.0,87.0,78.0,83.0,72.0,6.0,6.0,12.0,15.0,13.0,CF
193525,Mário Fernandes,https://cdn.sofifa.com/players/193/525/22_60.png,26500000,75.0,56.0,72.0,81.0,80.0,39.0,71.0,79.0,79.0,83.0,80.0,71.0,87.0,75.0,60.0,77.0,53.0,80.0,12.0,13.0,14.0,13.0,12.0,RB
206511,M. Arnold,https://cdn.sofifa.com/players/206/511/22_60.png,26500000,69.0,77.0,58.0,82.0,78.0,81.0,83.0,82.0,65.0,65.0,83.0,88.0,78.0,73.0,87.0,77.0,57.0,79.0,11.0,9.0,11.0,10.0,10.0,CM
222331,L. Klostermann,https://cdn.sofifa.com/players/222/331/22_60.png,26500000,72.0,59.0,78.0,74.0,71.0,22.0,63.0,73.0,81.0,89.0,81.0,58.0,82.0,76.0,31.0,72.0,26.0,81.0,8.0,12.0,10.0,7.0,7.0,RB
177683,Y. Sommer,https://cdn.sofifa.com/players/177/683/22_60.png,26500000,13.0,13.0,10.0,40.0,15.0,13.0,31.0,25.0,48.0,54.0,82.0,63.0,45.0,68.0,12.0,38.0,24.0,19.0,79.0,81.0,84.0,86.0,86.0,GK
211117,D. Alli,https://cdn.sofifa.com/players/211/117/22_60.png,26500000,72.0,80.0,79.0,82.0,83.0,60.0,80.0,84.0,67.0,68.0,80.0,78.0,80.0,75.0,74.0,70.0,80.0,65.0,7.0,6.0,9.0,11.0,8.0,CAM
223959,L. Torreira,https://cdn.sofifa.com/players/223/959/22_60.png,26500000,71.0,61.0,59.0,78.0,77.0,72.0,73.0,79.0,76.0,72.0,77.0,78.0,84.0,68.0,74.0,86.0,48.0,82.0,5.0,5.0,13.0,7.0,9.0,CDM
228687,K. Dolberg,https://cdn.sofifa.com/players/228/687/22_60.png,25500000,50.0,80.0,74.0,79.0,78.0,70.0,60.0,79.0,69.0,76.0,75.0,86.0,73.0,79.0,79.0,32.0,78.0,24.0,7.0,15.0,13.0,9.0,7.0,ST
230375,Josué Chiamulera,https://cdn.sofifa.com/players/230/375/22_60.png,25500000,40.0,38.0,83.0,74.0,56.0,49.0,61.0,70.0,80.0,76.0,85.0,53.0,77.0,76.0,41.0,88.0,56.0,87.0,16.0,15.0,13.0,15.0,10.0,CB
230294,Louri Beretta,https://cdn.sofifa.com/players/230/294/22_60.png,25500000,56.0,85.0,83.0,73.0,75.0,67.0,47.0,74.0,74.0,82.0,84.0,85.0,52.0,82.0,82.0,65.0,77.0,27.0,8.0,11.0,20.0,19.0,20.0,ST
200260,S. Berghuis,https://cdn.sofifa.com/players/200/260/22_60.png,25500000,84.0,80.0,48.0,82.0,81.0,76.0,80.0,84.0,83.0,78.0,77.0,82.0,77.0,59.0,85.0,70.0,84.0,36.0,9.0,11.0,7.0,7.0,15.0,RW
208461,M. de Roon,https://cdn.sofifa.com/players/208/461/22_60.png,25500000,68.0,60.0,75.0,78.0,71.0,48.0,75.0,76.0,64.0,68.0,82.0,76.0,92.0,77.0,77.0,85.0,80.0,84.0,14.0,15.0,7.0,12.0,12.0,CDM
210385,Rui Silva,https://cdn.sofifa.com/players/210/385/22_60.png,25500000,13.0,20.0,14.0,25.0,18.0,20.0,26.0,24.0,31.0,30.0,71.0,56.0,27.0,66.0,14.0,19.0,30.0,10.0,82.0,76.0,75.0,83.0,84.0,GK
193983,A. Delort,https://cdn.sofifa.com/players/193/983/22_60.png,25500000,74.0,82.0,84.0,75.0,76.0,71.0,64.0,74.0,81.0,87.0,78.0,89.0,83.0,87.0,77.0,80.0,75.0,37.0,10.0,14.0,10.0,8.0,11.0,ST
208448,E. Forsberg,https://cdn.sofifa.com/players/208/448/22_60.png,25500000,82.0,74.0,44.0,86.0,83.0,75.0,76.0,86.0,72.0,68.0,83.0,71.0,69.0,59.0,72.0,61.0,71.0,27.0,13.0,7.0,9.0,15.0,11.0,CAM
251809,S. Botman,https://cdn.sofifa.com/players/251/809/22_60.png,25500000,43.0,24.0,81.0,72.0,59.0,28.0,70.0,64.0,57.0,63.0,75.0,65.0,82.0,88.0,37.0,79.0,37.0,82.0,12.0,9.0,8.0,6.0,14.0,CB
198710,J. Rodríguez,https://cdn.sofifa.com/players/198/710/22_60.png,25500000,89.0,84.0,62.0,84.0,86.0,86.0,85.0,90.0,55.0,51.0,83.0,86.0,55.0,64.0,91.0,60.0,81.0,41.0,15.0,15.0,15.0,5.0,14.0,CAM
230430,Oswaldinato,https://cdn.sofifa.com/players/230/430/22_60.png,25500000,68.0,85.0,82.0,71.0,78.0,49.0,60.0,77.0,77.0,76.0,82.0,79.0,72.0,87.0,76.0,62.0,87.0,11.0,9.0,12.0,7.0,8.0,7.0,ST
240679,T. Koopmeiners,https://cdn.sofifa.com/players/240/679/22_60.png,24500000,76.0,67.0,73.0,82.0,70.0,77.0,83.0,76.0,66.0,64.0,80.0,78.0,84.0,75.0,76.0,71.0,85.0,75.0,14.0,8.0,14.0,12.0,10.0,CM
215998,21 I. Fernández,https://cdn.sofifa.com/players/215/998/21_60.png,24500000,77.0,77.0,65.0,82.0,81.0,78.0,77.0,83.0,75.0,77.0,81.0,77.0,85.0,70.0,80.0,77.0,73.0,73.0,7.0,8.0,14.0,10.0,12.0,CM
220182,J. Denayer,https://cdn.sofifa.com/players/220/182/22_60.png,24500000,58.0,42.0,77.0,77.0,69.0,29.0,71.0,73.0,82.0,83.0,80.0,57.0,81.0,83.0,36.0,76.0,39.0,82.0,7.0,10.0,15.0,15.0,15.0,CB
219683,C. Tolisso,https://cdn.sofifa.com/players/219/683/22_60.png,24500000,65.0,75.0,83.0,82.0,76.0,67.0,84.0,82.0,69.0,64.0,82.0,85.0,77.0,76.0,82.0,83.0,61.0,77.0,7.0,10.0,14.0,9.0,14.0,CM
205693,S. Haller,https://cdn.sofifa.com/players/205/693/22_60.png,24500000,42.0,82.0,85.0,74.0,74.0,46.0,49.0,79.0,58.0,73.0,80.0,81.0,69.0,91.0,65.0,70.0,88.0,61.0,6.0,7.0,14.0,7.0,6.0,ST
209519,G. Laborde,https://cdn.sofifa.com/players/209/519/22_60.png,24500000,74.0,80.0,84.0,80.0,79.0,59.0,71.0,80.0,75.0,79.0,78.0,78.0,88.0,83.0,75.0,72.0,69.0,34.0,14.0,15.0,9.0,14.0,9.0,ST
202695,J. Tarkowski,https://cdn.sofifa.com/players/202/695/22_60.png,24500000,59.0,40.0,83.0,74.0,63.0,53.0,73.0,69.0,50.0,62.0,79.0,63.0,71.0,84.0,38.0,85.0,52.0,82.0,14.0,8.0,12.0,9.0,7.0,CB
225663,A. Golovin,https://cdn.sofifa.com/players/225/663/22_60.png,24500000,80.0,69.0,38.0,79.0,84.0,79.0,74.0,82.0,77.0,84.0,82.0,78.0,88.0,57.0,75.0,76.0,52.0,72.0,12.0,14.0,14.0,10.0,16.0,RM
247851,Bruno Guimarães,https://cdn.sofifa.com/players/247/851/22_60.png,24500000,66.0,60.0,60.0,84.0,78.0,62.0,83.0,80.0,66.0,68.0,77.0,66.0,84.0,72.0,67.0,74.0,65.0,77.0,7.0,11.0,15.0,11.0,11.0,CM
195365,K. Kampl,https://cdn.sofifa.com/players/195/365/22_60.png,24500000,72.0,62.0,34.0,87.0,85.0,75.0,78.0,84.0,79.0,62.0,82.0,69.0,86.0,47.0,74.0,66.0,64.0,63.0,13.0,11.0,7.0,6.0,16.0,CM
224309,Joan Jordán,https://cdn.sofifa.com/players/224/309/22_60.png,24500000,70.0,75.0,47.0,84.0,79.0,81.0,84.0,80.0,59.0,66.0,77.0,80.0,81.0,74.0,78.0,80.0,69.0,76.0,13.0,12.0,13.0,12.0,9.0,CM
204638,W. Orban,https://cdn.sofifa.com/players/204/638/22_60.png,24500000,39.0,38.0,85.0,69.0,52.0,32.0,58.0,57.0,50.0,49.0,75.0,37.0,68.0,85.0,29.0,80.0,41.0,86.0,15.0,12.0,15.0,10.0,6.0,CB
236480,Y. Bissouma,https://cdn.sofifa.com/players/236/480/22_60.png,24500000,65.0,58.0,65.0,80.0,80.0,75.0,77.0,78.0,69.0,71.0,79.0,82.0,80.0,73.0,79.0,74.0,58.0,83.0,12.0,8.0,8.0,12.0,8.0,CM
179645,S. Kjær,https://cdn.sofifa.com/players/179/645/22_60.png,23500000,50.0,55.0,81.0,76.0,50.0,69.0,72.0,70.0,63.0,71.0,79.0,78.0,65.0,82.0,41.0,82.0,61.0,85.0,6.0,10.0,13.0,10.0,15.0,CB
232665,M. Arambarri,https://cdn.sofifa.com/players/232/665/22_60.png,23500000,59.0,49.0,62.0,79.0,72.0,54.0,78.0,79.0,42.0,51.0,77.0,77.0,73.0,76.0,75.0,83.0,50.0,80.0,7.0,13.0,13.0,15.0,7.0,CDM
245158,L. Suárez,https://cdn.sofifa.com/players/245/158/22_60.png,23500000,71.0,83.0,65.0,66.0,74.0,60.0,59.0,72.0,87.0,86.0,75.0,78.0,79.0,81.0,71.0,80.0,72.0,48.0,6.0,8.0,13.0,11.0,6.0,ST
214979,J. Musso,https://cdn.sofifa.com/players/214/979/22_60.png,23500000,20.0,18.0,15.0,31.0,16.0,12.0,24.0,20.0,46.0,42.0,71.0,55.0,35.0,70.0,14.0,27.0,25.0,14.0,82.0,78.0,73.0,82.0,86.0,GK
246172,S. Chukwueze,https://cdn.sofifa.com/players/246/172/22_60.png,23500000,69.0,73.0,44.0,69.0,87.0,58.0,56.0,80.0,91.0,84.0,72.0,76.0,72.0,63.0,74.0,47.0,55.0,32.0,13.0,7.0,9.0,7.0,6.0,LM
205659,A. Cragno,https://cdn.sofifa.com/players/205/659/22_60.png,23500000,15.0,12.0,12.0,31.0,13.0,12.0,25.0,21.0,41.0,37.0,75.0,55.0,43.0,55.0,17.0,33.0,31.0,11.0,82.0,80.0,73.0,80.0,84.0,GK
246186,Arthur Cabral,https://cdn.sofifa.com/players/246/186/22_60.png,23500000,50.0,79.0,78.0,74.0,73.0,30.0,56.0,76.0,72.0,72.0,74.0,78.0,74.0,87.0,70.0,61.0,75.0,27.0,12.0,9.0,14.0,13.0,6.0,ST
211990,O. Vlachodimos,https://cdn.sofifa.com/players/211/990/22_60.png,23500000,15.0,12.0,13.0,27.0,13.0,13.0,24.0,23.0,42.0,44.0,82.0,50.0,39.0,68.0,16.0,32.0,18.0,14.0,84.0,78.0,67.0,78.0,84.0,GK
183907,J. Boateng,https://cdn.sofifa.com/players/183/907/22_60.png,23500000,69.0,34.0,83.0,77.0,64.0,31.0,83.0,71.0,63.0,80.0,85.0,78.0,60.0,87.0,58.0,83.0,46.0,84.0,7.0,12.0,15.0,6.0,5.0,CB
212823,20 Gabriel Barbosa,https://cdn.sofifa.com/players/212/823/20_60.png,23500000,72.0,83.0,74.0,75.0,82.0,62.0,58.0,84.0,79.0,77.0,84.0,81.0,83.0,59.0,68.0,67.0,85.0,27.0,10.0,7.0,9.0,9.0,9.0,CF
234236,P. Schick,https://cdn.sofifa.com/players/234/236/22_60.png,23500000,64.0,81.0,80.0,77.0,80.0,56.0,62.0,83.0,71.0,70.0,78.0,77.0,64.0,74.0,79.0,59.0,65.0,24.0,11.0,15.0,8.0,9.0,14.0,ST
230256,Adryan Zonta,https://cdn.sofifa.com/players/230/256/22_60.png,22500000,81.0,59.0,66.0,81.0,77.0,66.0,71.0,72.0,92.0,93.0,82.0,73.0,91.0,73.0,73.0,69.0,65.0,72.0,12.0,15.0,9.0,10.0,14.0,LWB
202166,J. Draxler,https://cdn.sofifa.com/players/202/166/22_60.png,22500000,79.0,74.0,64.0,81.0,83.0,76.0,77.0,84.0,76.0,73.0,78.0,80.0,68.0,67.0,78.0,56.0,65.0,64.0,11.0,13.0,5.0,13.0,8.0,CAM
242187,C. Baumgartner,https://cdn.sofifa.com/players/242/187/22_60.png,22500000,62.0,75.0,65.0,79.0,82.0,52.0,75.0,79.0,82.0,78.0,77.0,73.0,67.0,49.0,63.0,58.0,65.0,54.0,10.0,11.0,9.0,14.0,11.0,CAM
209297,Fred,https://cdn.sofifa.com/players/209/297/22_60.png,22500000,70.0,60.0,52.0,82.0,79.0,74.0,80.0,80.0,81.0,74.0,86.0,77.0,93.0,52.0,68.0,87.0,64.0,80.0,7.0,16.0,15.0,11.0,15.0,CDM
199304,Danilo,https://cdn.sofifa.com/players/199/304/22_60.png,22500000,76.0,59.0,76.0,77.0,73.0,73.0,74.0,79.0,67.0,77.0,80.0,84.0,77.0,80.0,69.0,78.0,67.0,84.0,14.0,5.0,15.0,14.0,5.0,RB
241096,S. Tonali,https://cdn.sofifa.com/players/241/096/22_60.png,22500000,72.0,60.0,69.0,81.0,76.0,72.0,80.0,79.0,74.0,82.0,73.0,75.0,76.0,76.0,74.0,80.0,64.0,74.0,13.0,9.0,8.0,7.0,7.0,CM
221491,N. Elvedi,https://cdn.sofifa.com/players/221/491/22_60.png,22500000,65.0,30.0,79.0,74.0,67.0,29.0,57.0,72.0,66.0,81.0,77.0,50.0,75.0,80.0,45.0,72.0,37.0,84.0,9.0,15.0,10.0,12.0,9.0,CB
199564,Sergi Roberto,https://cdn.sofifa.com/players/199/564/22_60.png,22500000,82.0,63.0,70.0,81.0,78.0,60.0,78.0,80.0,73.0,79.0,78.0,65.0,92.0,69.0,66.0,67.0,57.0,77.0,14.0,16.0,11.0,15.0,10.0,RB
193474,I. Gueye,https://cdn.sofifa.com/players/193/474/22_60.png,21500000,60.0,60.0,69.0,80.0,76.0,66.0,76.0,79.0,70.0,69.0,81.0,82.0,85.0,69.0,72.0,83.0,55.0,87.0,8.0,6.0,8.0,12.0,13.0,CDM
224389,J. Larsson,https://cdn.sofifa.com/players/224/389/22_60.png,21500000,68.0,78.0,64.0,80.0,80.0,73.0,68.0,78.0,85.0,84.0,75.0,80.0,78.0,69.0,82.0,72.0,65.0,15.0,16.0,7.0,13.0,12.0,12.0,CAM
207877,J. Martínez,https://cdn.sofifa.com/players/207/877/22_60.png,21500000,53.0,85.0,77.0,69.0,76.0,57.0,55.0,79.0,85.0,89.0,79.0,84.0,60.0,69.0,66.0,66.0,79.0,20.0,12.0,14.0,14.0,12.0,8.0,ST
235073,G. Kobel,https://cdn.sofifa.com/players/235/073/22_60.png,21500000,13.0,10.0,13.0,39.0,24.0,12.0,33.0,34.0,26.0,26.0,77.0,58.0,21.0,81.0,10.0,24.0,12.0,15.0,80.0,78.0,77.0,74.0,83.0,GK
190674,B. André,https://cdn.sofifa.com/players/190/674/22_60.png,21500000,72.0,61.0,80.0,79.0,75.0,46.0,77.0,76.0,65.0,69.0,79.0,69.0,93.0,79.0,65.0,87.0,66.0,83.0,8.0,14.0,15.0,7.0,10.0,CDM
164169,19 Filipe Luís,https://cdn.sofifa.com/players/164/169/19_60.png,21500000,86.0,59.0,72.0,80.0,77.0,75.0,77.0,83.0,76.0,75.0,85.0,71.0,89.0,73.0,60.0,81.0,65.0,84.0,11.0,15.0,9.0,9.0,5.0,LWB
226851,B. Pavard,https://cdn.sofifa.com/players/226/851/22_60.png,21500000,77.0,43.0,80.0,75.0,68.0,51.0,76.0,77.0,68.0,69.0,76.0,71.0,79.0,76.0,53.0,69.0,51.0,79.0,9.0,7.0,15.0,7.0,15.0,RB
241202,P. Daka,https://cdn.sofifa.com/players/241/202/22_60.png,21500000,51.0,82.0,67.0,68.0,74.0,35.0,61.0,76.0,92.0,94.0,77.0,76.0,82.0,67.0,71.0,63.0,75.0,24.0,8.0,6.0,9.0,5.0,11.0,ST
236593,C. Stengs,https://cdn.sofifa.com/players/236/593/22_60.png,21500000,70.0,65.0,42.0,77.0,77.0,62.0,72.0,85.0,75.0,76.0,79.0,75.0,76.0,58.0,67.0,42.0,52.0,31.0,14.0,11.0,7.0,5.0,10.0,CAM
224179,Borja Iglesias,https://cdn.sofifa.com/players/224/179/22_60.png,21500000,50.0,82.0,80.0,73.0,74.0,36.0,65.0,79.0,61.0,69.0,76.0,83.0,71.0,90.0,74.0,69.0,79.0,31.0,14.0,12.0,16.0,13.0,16.0,ST
234035,Odriozola,https://cdn.sofifa.com/players/234/035/22_60.png,21500000,81.0,48.0,73.0,76.0,76.0,30.0,70.0,76.0,79.0,85.0,74.0,61.0,78.0,59.0,59.0,62.0,62.0,76.0,11.0,12.0,10.0,5.0,14.0,RB
205678,E. Višća,https://cdn.sofifa.com/players/205/678/22_60.png,21500000,82.0,77.0,45.0,79.0,80.0,68.0,71.0,81.0,88.0,87.0,74.0,80.0,84.0,58.0,77.0,52.0,77.0,40.0,8.0,14.0,14.0,12.0,16.0,RM
198164,Jonathan Viera,https://cdn.sofifa.com/players/198/164/22_60.png,21500000,73.0,76.0,65.0,81.0,85.0,79.0,80.0,78.0,85.0,79.0,77.0,70.0,79.0,67.0,80.0,63.0,74.0,63.0,16.0,16.0,9.0,14.0,9.0,CAM
245037,Eric García,https://cdn.sofifa.com/players/245/037/22_60.png,21500000,46.0,42.0,77.0,79.0,62.0,31.0,72.0,72.0,60.0,69.0,78.0,51.0,68.0,73.0,44.0,76.0,44.0,78.0,11.0,9.0,12.0,11.0,7.0,CB
233500,L. Sinisterra,https://cdn.sofifa.com/players/233/500/22_60.png,21500000,66.0,70.0,69.0,77.0,85.0,42.0,67.0,80.0,92.0,87.0,71.0,68.0,77.0,58.0,59.0,56.0,55.0,48.0,15.0,13.0,9.0,13.0,9.0,LW
222501,T. Castagne,https://cdn.sofifa.com/players/222/501/22_60.png,21500000,79.0,59.0,69.0,75.0,77.0,33.0,70.0,78.0,77.0,78.0,78.0,62.0,84.0,64.0,52.0,68.0,27.0,75.0,14.0,9.0,15.0,10.0,15.0,RB
244892,S. Diop,https://cdn.sofifa.com/players/244/892/22_60.png,21500000,69.0,69.0,39.0,75.0,83.0,69.0,68.0,81.0,78.0,73.0,76.0,74.0,79.0,36.0,69.0,68.0,60.0,58.0,14.0,13.0,8.0,9.0,9.0,CAM
231628,Rafa Mir,https://cdn.sofifa.com/players/231/628/22_60.png,21500000,67.0,81.0,78.0,72.0,71.0,61.0,52.0,74.0,72.0,72.0,75.0,82.0,71.0,82.0,76.0,69.0,75.0,43.0,12.0,11.0,15.0,10.0,6.0,ST
245630,Y. Fofana,https://cdn.sofifa.com/players/245/630/22_60.png,21500000,66.0,64.0,58.0,79.0,77.0,48.0,77.0,78.0,71.0,71.0,79.0,76.0,84.0,76.0,69.0,77.0,64.0,79.0,12.0,7.0,12.0,5.0,9.0,CM
219953,Embarba,https://cdn.sofifa.com/players/219/953/22_60.png,20500000,81.0,75.0,60.0,80.0,79.0,75.0,75.0,79.0,84.0,83.0,77.0,84.0,84.0,66.0,77.0,76.0,77.0,54.0,13.0,6.0,6.0,14.0,11.0,RM
231887,Y. Yazıcı,https://cdn.sofifa.com/players/231/887/22_60.png,20500000,77.0,74.0,68.0,81.0,82.0,76.0,75.0,82.0,63.0,70.0,76.0,81.0,76.0,72.0,80.0,71.0,69.0,54.0,10.0,12.0,5.0,13.0,7.0,CAM
209981,Y. Bounou,https://cdn.sofifa.com/players/209/981/22_60.png,20500000,15.0,14.0,14.0,39.0,20.0,19.0,44.0,12.0,37.0,34.0,80.0,57.0,43.0,69.0,19.0,25.0,24.0,18.0,82.0,79.0,76.0,81.0,84.0,GK
210897,C. Mbemba,https://cdn.sofifa.com/players/210/897/22_60.png,20500000,55.0,52.0,79.0,67.0,63.0,28.0,66.0,65.0,70.0,74.0,79.0,76.0,70.0,80.0,42.0,81.0,31.0,82.0,9.0,14.0,16.0,7.0,7.0,CB
223952,David Soria,https://cdn.sofifa.com/players/223/952/22_60.png,20500000,15.0,19.0,24.0,24.0,16.0,11.0,33.0,19.0,49.0,34.0,80.0,54.0,43.0,75.0,18.0,24.0,23.0,13.0,81.0,80.0,72.0,80.0,82.0,GK
217870,G. Di Lorenzo,https://cdn.sofifa.com/players/217/870/22_60.png,20500000,76.0,64.0,71.0,77.0,76.0,69.0,71.0,75.0,85.0,83.0,76.0,72.0,89.0,75.0,69.0,74.0,59.0,78.0,8.0,10.0,8.0,10.0,7.0,RB
188943,K. Trapp,https://cdn.sofifa.com/players/188/943/22_60.png,20500000,13.0,13.0,11.0,25.0,10.0,12.0,12.0,24.0,45.0,52.0,82.0,59.0,45.0,73.0,13.0,30.0,17.0,14.0,82.0,78.0,79.0,82.0,84.0,GK
203895,Pozuelo,https://cdn.sofifa.com/players/203/895/22_60.png,20500000,74.0,74.0,54.0,83.0,82.0,74.0,77.0,83.0,69.0,61.0,80.0,75.0,82.0,60.0,76.0,59.0,77.0,52.0,10.0,8.0,14.0,10.0,8.0,CAM
225719,K. Iheanacho,https://cdn.sofifa.com/players/225/719/22_60.png,20500000,59.0,82.0,67.0,77.0,79.0,64.0,69.0,78.0,75.0,74.0,77.0,81.0,71.0,73.0,78.0,71.0,70.0,36.0,8.0,7.0,7.0,11.0,15.0,ST
181458,I. Perišić,https://cdn.sofifa.com/players/181/458/22_60.png,20500000,80.0,78.0,80.0,78.0,78.0,75.0,72.0,80.0,82.0,81.0,79.0,84.0,75.0,76.0,77.0,65.0,76.0,58.0,6.0,7.0,10.0,9.0,6.0,LM
190483,21 Douglas Costa,https://cdn.sofifa.com/players/190/483/21_60.png,20500000,72.0,62.0,50.0,77.0,91.0,78.0,65.0,88.0,91.0,85.0,78.0,84.0,66.0,56.0,80.0,55.0,77.0,38.0,13.0,15.0,9.0,12.0,5.0,LM
198950,Pablo Sarabia,https://cdn.sofifa.com/players/198/950/22_60.png,20500000,81.0,77.0,61.0,83.0,83.0,74.0,78.0,83.0,73.0,72.0,79.0,75.0,71.0,59.0,77.0,49.0,69.0,54.0,16.0,7.0,15.0,6.0,14.0,CAM
212382,P. Onuachu,https://cdn.sofifa.com/players/212/382/22_60.png,20500000,41.0,83.0,85.0,73.0,73.0,30.0,68.0,78.0,64.0,76.0,74.0,78.0,75.0,93.0,63.0,77.0,84.0,48.0,9.0,12.0,14.0,9.0,8.0,ST
198951,C. Bakambu,https://cdn.sofifa.com/players/198/951/22_60.png,20500000,74.0,83.0,74.0,73.0,76.0,57.0,64.0,75.0,91.0,90.0,81.0,81.0,80.0,77.0,72.0,72.0,72.0,29.0,6.0,13.0,6.0,14.0,6.0,ST
175943,D. Mertens,https://cdn.sofifa.com/players/175/943/22_60.png,20500000,73.0,84.0,40.0,84.0,88.0,82.0,72.0,88.0,90.0,80.0,80.0,80.0,66.0,37.0,81.0,59.0,79.0,40.0,7.0,10.0,8.0,10.0,4.0,CF
198031,Sérgio Oliveira,https://cdn.sofifa.com/players/198/031/22_60.png,20500000,81.0,72.0,66.0,84.0,76.0,81.0,82.0,81.0,62.0,55.0,79.0,88.0,76.0,66.0,86.0,76.0,82.0,72.0,9.0,9.0,11.0,11.0,10.0,CM
207732,Roger,https://cdn.sofifa.com/players/207/732/22_60.png,20500000,59.0,84.0,71.0,73.0,76.0,46.0,59.0,79.0,76.0,77.0,83.0,83.0,78.0,74.0,75.0,69.0,82.0,36.0,15.0,13.0,15.0,14.0,8.0,ST
188803,21 Taison,https://cdn.sofifa.com/players/188/803/21_60.png,20500000,73.0,74.0,56.0,77.0,87.0,74.0,75.0,85.0,93.0,91.0,74.0,83.0,78.0,67.0,83.0,56.0,72.0,53.0,7.0,7.0,11.0,15.0,13.0,LM
242656,I. Meslier,https://cdn.sofifa.com/players/242/656/22_60.png,20500000,18.0,11.0,15.0,40.0,20.0,10.0,37.0,35.0,35.0,37.0,72.0,55.0,40.0,53.0,17.0,27.0,11.0,17.0,79.0,76.0,73.0,73.0,81.0,GK
205686,T. Savanier,https://cdn.sofifa.com/players/205/686/22_60.png,20500000,83.0,71.0,47.0,83.0,81.0,81.0,82.0,82.0,70.0,65.0,77.0,77.0,78.0,63.0,80.0,83.0,75.0,71.0,12.0,11.0,15.0,10.0,10.0,CAM
197853,S. Aurier,https://cdn.sofifa.com/players/197/853/22_60.png,20500000,81.0,60.0,78.0,77.0,76.0,30.0,71.0,78.0,76.0,75.0,78.0,76.0,78.0,73.0,55.0,86.0,64.0,75.0,7.0,10.0,15.0,16.0,9.0,RB
228520,E. Ávila,https://cdn.sofifa.com/players/228/520/22_60.png,20500000,59.0,82.0,74.0,71.0,79.0,57.0,62.0,77.0,77.0,84.0,78.0,85.0,78.0,84.0,76.0,87.0,72.0,46.0,11.0,6.0,6.0,10.0,14.0,ST
208808,Q. Promes,https://cdn.sofifa.com/players/208/808/22_60.png,20500000,78.0,79.0,66.0,79.0,81.0,76.0,73.0,80.0,87.0,88.0,82.0,81.0,81.0,64.0,76.0,65.0,74.0,48.0,10.0,13.0,6.0,7.0,13.0,RM
202024,R. Freuler,https://cdn.sofifa.com/players/202/024/22_60.png,20500000,72.0,68.0,41.0,81.0,78.0,70.0,80.0,81.0,68.0,69.0,83.0,73.0,87.0,69.0,75.0,72.0,61.0,79.0,12.0,8.0,9.0,14.0,13.0,CM
190972,E. Salvio,https://cdn.sofifa.com/players/190/972/22_60.png,20500000,73.0,76.0,72.0,75.0,85.0,64.0,66.0,83.0,87.0,84.0,76.0,79.0,75.0,63.0,72.0,68.0,76.0,59.0,9.0,11.0,9.0,5.0,14.0,RM
211591,M. Dembélé,https://cdn.sofifa.com/players/211/591/22_60.png,20500000,50.0,80.0,81.0,72.0,73.0,58.0,48.0,74.0,75.0,81.0,78.0,82.0,79.0,85.0,66.0,75.0,76.0,14.0,7.0,13.0,11.0,10.0,8.0,ST
238476,D. Zagadou,https://cdn.sofifa.com/players/238/476/22_60.png,20500000,46.0,26.0,77.0,75.0,51.0,25.0,74.0,52.0,51.0,66.0,72.0,66.0,65.0,92.0,25.0,75.0,30.0,86.0,9.0,13.0,5.0,14.0,14.0,CB
236532,R. Koch,https://cdn.sofifa.com/players/236/532/22_60.png,19500000,40.0,27.0,78.0,74.0,59.0,28.0,71.0,70.0,54.0,75.0,75.0,56.0,73.0,78.0,42.0,73.0,38.0,79.0,9.0,6.0,15.0,8.0,6.0,CB
205600,S. Umtiti,https://cdn.sofifa.com/players/205/600/22_60.png,19500000,61.0,51.0,78.0,76.0,64.0,62.0,73.0,73.0,64.0,65.0,78.0,83.0,64.0,84.0,70.0,80.0,59.0,80.0,15.0,10.0,14.0,12.0,15.0,CB
219809,T. Bakayoko,https://cdn.sofifa.com/players/219/809/22_60.png,19500000,55.0,37.0,71.0,78.0,77.0,37.0,73.0,77.0,63.0,65.0,75.0,72.0,78.0,87.0,50.0,85.0,45.0,81.0,11.0,15.0,11.0,14.0,10.0,CDM
173210,19 C. Marchisio,https://cdn.sofifa.com/players/173/210/19_60.png,19500000,76.0,56.0,64.0,85.0,84.0,78.0,81.0,85.0,75.0,77.0,80.0,82.0,77.0,73.0,78.0,78.0,78.0,78.0,4.0,3.0,4.0,2.0,4.0,CM
220793,D. Sánchez,https://cdn.sofifa.com/players/220/793/22_60.png,19500000,36.0,40.0,79.0,73.0,62.0,27.0,67.0,70.0,68.0,80.0,77.0,66.0,70.0,83.0,44.0,84.0,44.0,80.0,9.0,7.0,10.0,6.0,15.0,CB
201143,A. Mandi,https://cdn.sofifa.com/players/201/143/22_60.png,19500000,73.0,41.0,81.0,80.0,64.0,49.0,78.0,76.0,67.0,65.0,79.0,52.0,65.0,78.0,49.0,76.0,35.0,80.0,15.0,16.0,9.0,10.0,14.0,CB
231747,K. Mbappé,https://cdn.sofifa.com/players/231/747/22_60.png,19400000,78.0,93.0,72.0,85.0,93.0,69.0,71.0,91.0,97.0,97.0,93.0,86.0,88.0,77.0,82.0,62.0,79.0,34.0,13.0,5.0,7.0,11.0,6.0,ST
216189,Capa,https://cdn.sofifa.com/players/216/189/22_60.png,18500000,81.0,56.0,60.0,80.0,76.0,58.0,67.0,77.0,81.0,83.0,74.0,83.0,93.0,86.0,67.0,86.0,54.0,78.0,12.0,13.0,6.0,12.0,11.0,RB
230251,Melvin Parrela,https://cdn.sofifa.com/players/230/251/22_60.png,18500000,52.0,68.0,83.0,78.0,72.0,68.0,72.0,74.0,62.0,78.0,75.0,75.0,87.0,82.0,70.0,84.0,72.0,84.0,15.0,7.0,16.0,9.0,8.0,CB
236791,A. Barák,https://cdn.sofifa.com/players/236/791/22_60.png,18500000,73.0,74.0,68.0,82.0,81.0,66.0,76.0,82.0,68.0,64.0,75.0,81.0,84.0,73.0,78.0,58.0,66.0,64.0,14.0,15.0,10.0,12.0,11.0,CAM
224254,C. Pavón,https://cdn.sofifa.com/players/224/254/22_60.png,18500000,74.0,72.0,48.0,75.0,78.0,76.0,68.0,76.0,92.0,89.0,77.0,83.0,89.0,73.0,83.0,56.0,72.0,40.0,11.0,10.0,9.0,13.0,7.0,RM
228336,F. Grillitsch,https://cdn.sofifa.com/players/228/336/22_60.png,18500000,68.0,58.0,61.0,84.0,78.0,68.0,82.0,81.0,61.0,75.0,81.0,65.0,70.0,72.0,60.0,50.0,50.0,72.0,13.0,12.0,7.0,14.0,7.0,CM
203890,S. Vrsaljko,https://cdn.sofifa.com/players/203/890/22_60.png,18500000,81.0,44.0,73.0,76.0,74.0,57.0,70.0,77.0,77.0,81.0,74.0,75.0,85.0,73.0,58.0,75.0,52.0,80.0,15.0,11.0,10.0,10.0,12.0,RB
211748,K. Demirbay,https://cdn.sofifa.com/players/211/748/22_60.png,18500000,76.0,75.0,46.0,78.0,82.0,80.0,80.0,85.0,62.0,55.0,80.0,79.0,77.0,67.0,80.0,69.0,70.0,63.0,14.0,15.0,11.0,14.0,14.0,CM
198784,A. Oxlade-Chamberlain,https://cdn.sofifa.com/players/198/784/22_60.png,18500000,78.0,70.0,39.0,80.0,83.0,60.0,75.0,83.0,82.0,81.0,78.0,83.0,80.0,70.0,78.0,77.0,69.0,72.0,16.0,9.0,6.0,9.0,9.0,CAM
226221,Aritz Elustondo,https://cdn.sofifa.com/players/226/221/22_60.png,18500000,72.0,26.0,82.0,77.0,48.0,41.0,55.0,76.0,63.0,68.0,76.0,39.0,74.0,77.0,40.0,80.0,43.0,81.0,7.0,10.0,12.0,15.0,8.0,CB
202477,Deulofeu,https://cdn.sofifa.com/players/202/477/22_60.png,18500000,74.0,72.0,40.0,74.0,84.0,77.0,62.0,81.0,89.0,87.0,75.0,75.0,69.0,67.0,70.0,59.0,77.0,30.0,12.0,16.0,14.0,11.0,11.0,LM
212404,F. Bernardeschi,https://cdn.sofifa.com/players/212/404/22_60.png,18500000,81.0,61.0,53.0,82.0,85.0,80.0,71.0,84.0,79.0,79.0,70.0,80.0,70.0,69.0,82.0,50.0,82.0,59.0,14.0,15.0,10.0,13.0,12.0,CAM
211022,Rubén García,https://cdn.sofifa.com/players/211/022/22_60.png,18500000,80.0,79.0,56.0,80.0,79.0,79.0,79.0,80.0,87.0,74.0,73.0,76.0,68.0,52.0,78.0,58.0,69.0,48.0,9.0,14.0,13.0,14.0,10.0,LM
168651,I. Rakitić,https://cdn.sofifa.com/players/168/651/22_60.png,18500000,84.0,77.0,59.0,85.0,79.0,82.0,86.0,82.0,59.0,56.0,80.0,84.0,74.0,71.0,76.0,67.0,82.0,77.0,14.0,11.0,12.0,5.0,9.0,CM
226766,Daniel Podence,https://cdn.sofifa.com/players/226/766/22_60.png,18500000,66.0,67.0,42.0,75.0,86.0,42.0,70.0,82.0,94.0,86.0,77.0,66.0,75.0,30.0,57.0,67.0,63.0,30.0,14.0,14.0,8.0,7.0,15.0,CAM
213956,Adama Traoré,https://cdn.sofifa.com/players/213/956/22_60.png,18500000,78.0,66.0,40.0,71.0,92.0,42.0,54.0,83.0,97.0,96.0,66.0,78.0,77.0,87.0,65.0,70.0,47.0,38.0,13.0,9.0,11.0,12.0,7.0,RM
199845,F. Acerbi,https://cdn.sofifa.com/players/199/845/22_60.png,17500000,25.0,37.0,82.0,75.0,65.0,56.0,79.0,72.0,64.0,62.0,85.0,75.0,87.0,85.0,60.0,77.0,72.0,87.0,11.0,9.0,9.0,13.0,11.0,CB
207494,J. Lingard,https://cdn.sofifa.com/players/207/494/22_60.png,17500000,74.0,78.0,67.0,78.0,80.0,68.0,65.0,80.0,78.0,75.0,81.0,79.0,79.0,60.0,81.0,74.0,70.0,57.0,14.0,10.0,8.0,13.0,9.0,CAM
198141,Bartra,https://cdn.sofifa.com/players/198/141/22_60.png,17500000,57.0,55.0,78.0,79.0,70.0,51.0,79.0,78.0,71.0,74.0,82.0,73.0,69.0,74.0,68.0,77.0,52.0,80.0,10.0,15.0,13.0,12.0,8.0,CB
184344,L. Bonucci,https://cdn.sofifa.com/players/184/344/22_60.png,17500000,44.0,48.0,83.0,81.0,69.0,60.0,81.0,79.0,60.0,68.0,82.0,74.0,65.0,86.0,65.0,82.0,70.0,85.0,2.0,2.0,3.0,2.0,4.0,CB
216320,S. Fofana,https://cdn.sofifa.com/players/216/320/22_60.png,17500000,62.0,68.0,58.0,80.0,78.0,42.0,74.0,80.0,74.0,77.0,80.0,77.0,80.0,81.0,79.0,76.0,56.0,78.0,9.0,8.0,9.0,11.0,10.0,CM
253004,Ansu Fati,https://cdn.sofifa.com/players/253/004/22_60.png,17500000,69.0,80.0,58.0,72.0,79.0,45.0,69.0,76.0,90.0,87.0,74.0,68.0,63.0,48.0,70.0,48.0,74.0,32.0,6.0,9.0,8.0,10.0,7.0,LW
209960,Pacheco,https://cdn.sofifa.com/players/209/960/22_60.png,17500000,14.0,16.0,10.0,28.0,13.0,20.0,29.0,15.0,48.0,42.0,77.0,53.0,43.0,75.0,15.0,29.0,23.0,16.0,79.0,77.0,70.0,81.0,82.0,GK
214092,A. Miranchuk,https://cdn.sofifa.com/players/214/092/22_60.png,17500000,72.0,71.0,57.0,78.0,80.0,75.0,75.0,80.0,74.0,76.0,76.0,65.0,75.0,64.0,73.0,43.0,67.0,28.0,8.0,8.0,9.0,12.0,15.0,CAM
208268,B. Cristante,https://cdn.sofifa.com/players/208/268/22_60.png,17500000,70.0,68.0,76.0,81.0,76.0,62.0,79.0,80.0,58.0,53.0,76.0,80.0,81.0,78.0,73.0,75.0,58.0,77.0,3.0,5.0,3.0,3.0,5.0,CM
196978,C. Wilson,https://cdn.sofifa.com/players/196/978/22_60.png,17500000,61.0,82.0,78.0,72.0,78.0,45.0,62.0,79.0,77.0,83.0,79.0,77.0,76.0,79.0,68.0,74.0,83.0,40.0,10.0,15.0,8.0,10.0,6.0,ST
203483,D. Klaassen,https://cdn.sofifa.com/players/203/483/22_60.png,17500000,67.0,81.0,77.0,79.0,75.0,44.0,77.0,80.0,69.0,72.0,82.0,81.0,90.0,73.0,75.0,79.0,76.0,75.0,12.0,6.0,13.0,16.0,10.0,CAM
234835,Domingos Duarte,https://cdn.sofifa.com/players/234/835/22_60.png,17500000,54.0,30.0,80.0,78.0,48.0,27.0,56.0,64.0,55.0,56.0,79.0,50.0,74.0,81.0,31.0,82.0,45.0,81.0,9.0,9.0,14.0,14.0,13.0,CB
192123,C. Wood,https://cdn.sofifa.com/players/192/123/22_60.png,17500000,46.0,81.0,87.0,68.0,69.0,64.0,48.0,77.0,60.0,68.0,77.0,81.0,76.0,86.0,72.0,77.0,81.0,30.0,14.0,16.0,16.0,7.0,16.0,ST
202048,C. Coady,https://cdn.sofifa.com/players/202/048/22_60.png,17500000,67.0,51.0,74.0,81.0,62.0,62.0,85.0,79.0,41.0,51.0,80.0,68.0,78.0,74.0,64.0,70.0,60.0,79.0,8.0,15.0,10.0,12.0,8.0,CDM
208135,A. Doucouré,https://cdn.sofifa.com/players/208/135/22_60.png,17500000,68.0,76.0,66.0,79.0,77.0,42.0,76.0,80.0,66.0,74.0,79.0,84.0,89.0,80.0,75.0,75.0,54.0,80.0,15.0,12.0,12.0,15.0,14.0,CM
223273,M. Pašalić,https://cdn.sofifa.com/players/223/273/22_60.png,17500000,68.0,74.0,65.0,80.0,78.0,59.0,78.0,81.0,63.0,65.0,76.0,78.0,78.0,75.0,75.0,76.0,61.0,72.0,11.0,13.0,13.0,13.0,14.0,CM
202335,E. Dier,https://cdn.sofifa.com/players/202/335/22_60.png,17500000,64.0,52.0,81.0,71.0,65.0,73.0,75.0,72.0,51.0,55.0,79.0,84.0,67.0,91.0,74.0,88.0,74.0,80.0,11.0,14.0,6.0,13.0,9.0,CB
190813,S. El Shaarawy,https://cdn.sofifa.com/players/190/813/22_60.png,17500000,75.0,74.0,65.0,75.0,79.0,68.0,66.0,77.0,87.0,87.0,75.0,73.0,71.0,64.0,77.0,51.0,69.0,37.0,5.0,3.0,5.0,5.0,3.0,LW
187598,Rafael Tolói,https://cdn.sofifa.com/players/187/598/22_60.png,17500000,44.0,28.0,81.0,66.0,58.0,70.0,68.0,66.0,65.0,67.0,83.0,75.0,80.0,79.0,62.0,82.0,64.0,85.0,11.0,12.0,16.0,16.0,8.0,CB
200724,Nacho Fernández,https://cdn.sofifa.com/players/200/724/22_60.png,17500000,70.0,32.0,79.0,78.0,64.0,37.0,61.0,76.0,71.0,84.0,78.0,54.0,81.0,79.0,28.0,79.0,45.0,83.0,12.0,7.0,10.0,15.0,7.0,CB
210513,J. Quintero,https://cdn.sofifa.com/players/210/513/22_60.png,17500000,79.0,71.0,49.0,81.0,83.0,83.0,73.0,83.0,75.0,71.0,69.0,83.0,53.0,47.0,81.0,60.0,77.0,30.0,14.0,16.0,10.0,7.0,12.0,CAM
236583,J. Pavlenka,https://cdn.sofifa.com/players/236/583/22_60.png,17500000,11.0,16.0,14.0,28.0,12.0,14.0,17.0,19.0,35.0,37.0,80.0,45.0,20.0,68.0,17.0,22.0,18.0,10.0,82.0,75.0,60.0,71.0,85.0,GK
212096,V. Grifo,https://cdn.sofifa.com/players/212/096/22_60.png,17500000,88.0,69.0,47.0,77.0,82.0,80.0,75.0,82.0,73.0,67.0,78.0,81.0,71.0,63.0,74.0,52.0,79.0,31.0,10.0,12.0,8.0,8.0,14.0,LM
201455,G. Kondogbia,https://cdn.sofifa.com/players/201/455/22_60.png,17500000,65.0,68.0,75.0,81.0,76.0,56.0,78.0,79.0,67.0,69.0,80.0,86.0,82.0,94.0,83.0,86.0,45.0,79.0,15.0,10.0,10.0,8.0,10.0,CM
225711,A. Diallo,https://cdn.sofifa.com/players/225/711/22_60.png,17500000,69.0,38.0,78.0,78.0,75.0,32.0,76.0,78.0,72.0,76.0,77.0,51.0,74.0,77.0,24.0,77.0,41.0,78.0,12.0,7.0,7.0,7.0,8.0,CB
210324,J. Hofmann,https://cdn.sofifa.com/players/210/324/22_60.png,17500000,80.0,75.0,40.0,81.0,78.0,71.0,81.0,79.0,75.0,75.0,83.0,68.0,86.0,64.0,69.0,47.0,71.0,49.0,6.0,6.0,10.0,10.0,10.0,RM
225508,E. Bailly,https://cdn.sofifa.com/players/225/508/22_60.png,17500000,51.0,33.0,78.0,68.0,67.0,43.0,60.0,65.0,65.0,79.0,78.0,55.0,53.0,85.0,48.0,85.0,46.0,80.0,14.0,14.0,10.0,9.0,8.0,CB
242201,Luis Milla,https://cdn.sofifa.com/players/242/201/22_60.png,17500000,72.0,67.0,48.0,80.0,71.0,73.0,75.0,78.0,76.0,69.0,77.0,76.0,86.0,72.0,72.0,72.0,73.0,77.0,12.0,13.0,8.0,10.0,10.0,CM
256790,J. Musiala,https://cdn.sofifa.com/players/256/790/22_60.png,17500000,66.0,76.0,42.0,74.0,86.0,38.0,65.0,84.0,80.0,73.0,72.0,70.0,60.0,43.0,72.0,46.0,42.0,28.0,6.0,9.0,8.0,8.0,11.0,CAM
231691,A. Lafont,https://cdn.sofifa.com/players/231/691/22_60.png,17500000,13.0,6.0,13.0,54.0,14.0,12.0,38.0,10.0,48.0,45.0,69.0,52.0,40.0,70.0,9.0,20.0,16.0,14.0,80.0,76.0,69.0,74.0,82.0,GK
213331,J. Tah,https://cdn.sofifa.com/players/213/331/22_60.png,17500000,35.0,20.0,79.0,70.0,52.0,27.0,63.0,64.0,63.0,71.0,75.0,44.0,64.0,92.0,25.0,77.0,38.0,82.0,11.0,8.0,7.0,9.0,14.0,CB
230426,Arturo Inálcio,https://cdn.sofifa.com/players/230/426/22_60.png,16500000,63.0,70.0,46.0,85.0,78.0,48.0,83.0,80.0,80.0,86.0,69.0,80.0,74.0,35.0,75.0,45.0,45.0,66.0,10.0,13.0,14.0,9.0,11.0,CM
183574,M. Kruse,https://cdn.sofifa.com/players/183/574/22_60.png,16500000,79.0,80.0,63.0,83.0,82.0,69.0,80.0,84.0,65.0,64.0,84.0,81.0,59.0,73.0,79.0,58.0,91.0,36.0,12.0,7.0,5.0,13.0,9.0,CF
230460,Prazeracinho,https://cdn.sofifa.com/players/230/460/22_60.png,16500000,82.0,74.0,49.0,79.0,82.0,64.0,75.0,77.0,81.0,75.0,78.0,60.0,58.0,49.0,70.0,58.0,46.0,38.0,14.0,8.0,6.0,6.0,9.0,LW
170481,20 E. Garay,https://cdn.sofifa.com/players/170/481/20_60.png,16500000,62.0,51.0,81.0,73.0,60.0,74.0,72.0,69.0,40.0,45.0,75.0,80.0,63.0,91.0,64.0,80.0,71.0,83.0,14.0,6.0,13.0,13.0,14.0,CB
221087,Pau López,https://cdn.sofifa.com/players/221/087/22_60.png,16500000,24.0,19.0,15.0,38.0,18.0,21.0,41.0,16.0,45.0,52.0,74.0,54.0,42.0,52.0,18.0,39.0,25.0,20.0,80.0,79.0,72.0,80.0,82.0,GK
197225,N. Lodeiro,https://cdn.sofifa.com/players/197/225/22_60.png,16500000,81.0,72.0,42.0,88.0,81.0,78.0,76.0,81.0,76.0,72.0,80.0,72.0,88.0,68.0,76.0,69.0,76.0,52.0,12.0,16.0,11.0,7.0,15.0,CAM
240273,E. Smith Rowe,https://cdn.sofifa.com/players/240/273/22_60.png,16500000,70.0,63.0,36.0,79.0,79.0,58.0,67.0,80.0,79.0,78.0,72.0,69.0,72.0,61.0,61.0,52.0,64.0,30.0,11.0,8.0,14.0,8.0,10.0,CAM
241727,P. Rajković,https://cdn.sofifa.com/players/241/727/22_60.png,16500000,13.0,9.0,13.0,26.0,8.0,10.0,25.0,18.0,30.0,18.0,73.0,56.0,26.0,66.0,10.0,25.0,20.0,10.0,77.0,76.0,74.0,79.0,81.0,GK
246785,Bryan Gil,https://cdn.sofifa.com/players/246/785/22_60.png,16500000,77.0,73.0,34.0,74.0,82.0,72.0,69.0,78.0,79.0,77.0,76.0,64.0,46.0,30.0,60.0,32.0,47.0,29.0,13.0,10.0,14.0,6.0,6.0,CAM
135567,12 Nilmar,https://cdn.sofifa.com/players/135/567/12_60.png,16500000,70.0,85.0,78.0,76.0,87.0,59.0,51.0,83.0,90.0,93.0,82.0,77.0,68.0,59.0,71.0,44.0,75.0,18.0,7.0,7.0,12.0,9.0,8.0,ST
222558,R. Karsdorp,https://cdn.sofifa.com/players/222/558/22_60.png,16500000,80.0,53.0,70.0,77.0,78.0,60.0,73.0,80.0,84.0,89.0,77.0,80.0,80.0,78.0,69.0,78.0,52.0,79.0,13.0,7.0,14.0,16.0,15.0,RWB
236477,A. Claude-Maurice,https://cdn.sofifa.com/players/236/477/22_60.png,16500000,70.0,71.0,57.0,76.0,80.0,69.0,74.0,78.0,88.0,86.0,68.0,77.0,70.0,67.0,78.0,65.0,65.0,71.0,11.0,13.0,15.0,14.0,15.0,CAM
216475,Morales,https://cdn.sofifa.com/players/216/475/22_60.png,16500000,77.0,84.0,64.0,77.0,87.0,68.0,68.0,84.0,87.0,86.0,80.0,82.0,78.0,67.0,78.0,58.0,76.0,54.0,14.0,13.0,13.0,16.0,8.0,ST
172522,D. Wass,https://cdn.sofifa.com/players/172/522/22_60.png,16500000,79.0,76.0,69.0,80.0,77.0,84.0,81.0,80.0,73.0,75.0,80.0,85.0,87.0,73.0,80.0,74.0,61.0,76.0,11.0,9.0,10.0,13.0,13.0,CM
210881,J. McGinn,https://cdn.sofifa.com/players/210/881/22_60.png,16500000,64.0,71.0,59.0,80.0,80.0,61.0,83.0,78.0,73.0,67.0,76.0,83.0,90.0,75.0,73.0,79.0,55.0,75.0,9.0,13.0,12.0,10.0,12.0,CM
244261,L. Majer,https://cdn.sofifa.com/players/244/261/22_60.png,16500000,81.0,67.0,49.0,77.0,85.0,77.0,77.0,85.0,78.0,62.0,70.0,76.0,81.0,49.0,67.0,57.0,78.0,59.0,9.0,12.0,12.0,5.0,6.0,LM
241907,D. Rossi,https://cdn.sofifa.com/players/241/907/22_60.png,16500000,67.0,77.0,44.0,72.0,75.0,34.0,57.0,77.0,83.0,82.0,73.0,75.0,79.0,54.0,69.0,49.0,57.0,18.0,11.0,14.0,15.0,14.0,13.0,LW
208920,N. Aké,https://cdn.sofifa.com/players/208/920/22_60.png,16500000,63.0,48.0,76.0,77.0,67.0,59.0,73.0,74.0,80.0,73.0,76.0,63.0,74.0,76.0,56.0,72.0,53.0,81.0,10.0,7.0,7.0,16.0,10.0,CB
235794,E. Eze,https://cdn.sofifa.com/players/235/794/22_60.png,16500000,70.0,71.0,49.0,77.0,83.0,68.0,68.0,79.0,77.0,77.0,70.0,68.0,77.0,68.0,69.0,58.0,69.0,57.0,10.0,12.0,9.0,14.0,10.0,CAM
239956,M. Boadu,https://cdn.sofifa.com/players/239/956/22_60.png,16500000,52.0,78.0,61.0,68.0,75.0,44.0,54.0,75.0,91.0,88.0,80.0,77.0,75.0,68.0,67.0,47.0,66.0,22.0,9.0,15.0,14.0,6.0,11.0,ST
231102,L. Blas,https://cdn.sofifa.com/players/231/102/22_60.png,16500000,72.0,68.0,58.0,77.0,84.0,67.0,74.0,80.0,79.0,70.0,72.0,74.0,75.0,63.0,78.0,55.0,71.0,64.0,12.0,9.0,14.0,14.0,15.0,CAM
227890,Nuno Santos,https://cdn.sofifa.com/players/227/890/22_60.png,16500000,79.0,70.0,57.0,74.0,81.0,72.0,71.0,80.0,84.0,79.0,79.0,83.0,78.0,60.0,76.0,74.0,71.0,33.0,14.0,7.0,8.0,9.0,15.0,LM
233531,Y. Soteldo,https://cdn.sofifa.com/players/233/531/22_60.png,16500000,75.0,69.0,35.0,75.0,83.0,74.0,68.0,78.0,86.0,80.0,75.0,74.0,73.0,56.0,71.0,43.0,71.0,34.0,13.0,7.0,9.0,13.0,6.0,CAM
219733,L. Ajorque,https://cdn.sofifa.com/players/219/733/22_60.png,16500000,50.0,81.0,83.0,69.0,72.0,37.0,48.0,77.0,58.0,61.0,79.0,79.0,76.0,89.0,70.0,69.0,77.0,19.0,8.0,13.0,14.0,14.0,7.0,ST
167664,G. Higuaín,https://cdn.sofifa.com/players/167/664/22_60.png,16500000,68.0,86.0,77.0,75.0,79.0,69.0,63.0,81.0,57.0,59.0,80.0,85.0,56.0,86.0,80.0,50.0,70.0,22.0,5.0,12.0,7.0,5.0,10.0,ST
230899,A. Lookman,https://cdn.sofifa.com/players/230/899/22_60.png,16500000,73.0,74.0,48.0,72.0,83.0,51.0,53.0,80.0,87.0,83.0,69.0,77.0,75.0,55.0,70.0,62.0,62.0,23.0,12.0,12.0,9.0,15.0,6.0,RM
224422,J. Boga,https://cdn.sofifa.com/players/224/422/22_60.png,16500000,78.0,72.0,59.0,73.0,84.0,64.0,69.0,79.0,90.0,81.0,67.0,80.0,68.0,63.0,75.0,56.0,55.0,42.0,15.0,8.0,9.0,14.0,16.0,RM
227055,Gelson Martins,https://cdn.sofifa.com/players/227/055/22_60.png,16500000,71.0,69.0,51.0,73.0,85.0,60.0,55.0,78.0,93.0,93.0,74.0,77.0,88.0,48.0,69.0,60.0,66.0,51.0,12.0,9.0,7.0,6.0,9.0,RM
220085,L. Waldschmidt,https://cdn.sofifa.com/players/220/085/22_60.png,15500000,63.0,79.0,59.0,75.0,76.0,63.0,65.0,75.0,77.0,71.0,75.0,81.0,70.0,64.0,82.0,44.0,83.0,19.0,14.0,10.0,7.0,9.0,16.0,CAM
231936,B. White,https://cdn.sofifa.com/players/231/936/22_60.png,15500000,53.0,22.0,69.0,76.0,65.0,20.0,67.0,73.0,69.0,69.0,75.0,39.0,80.0,74.0,25.0,75.0,24.0,77.0,8.0,11.0,12.0,5.0,6.0,CB
219792,B. Santamaria,https://cdn.sofifa.com/players/219/792/22_60.png,15500000,59.0,59.0,62.0,79.0,73.0,59.0,78.0,78.0,60.0,60.0,73.0,75.0,91.0,67.0,61.0,73.0,46.0,80.0,7.0,7.0,13.0,7.0,8.0,CDM
193041,K. Navas,https://cdn.sofifa.com/players/193/041/22_60.png,15500000,11.0,15.0,11.0,40.0,24.0,15.0,37.0,30.0,54.0,53.0,85.0,56.0,39.0,75.0,13.0,32.0,25.0,14.0,89.0,84.0,75.0,87.0,89.0,GK
243715,W. Saliba,https://cdn.sofifa.com/players/243/715/22_60.png,15500000,48.0,25.0,69.0,73.0,66.0,35.0,70.0,72.0,68.0,74.0,72.0,57.0,73.0,82.0,23.0,74.0,47.0,80.0,7.0,10.0,6.0,8.0,11.0,CB
232999,T. Adams,https://cdn.sofifa.com/players/232/999/22_60.png,15500000,55.0,48.0,65.0,80.0,70.0,42.0,74.0,73.0,78.0,83.0,77.0,51.0,86.0,68.0,46.0,78.0,51.0,77.0,6.0,13.0,12.0,8.0,7.0,CDM
235844,E. Álvarez,https://cdn.sofifa.com/players/235/844/22_60.png,15500000,64.0,50.0,77.0,74.0,63.0,40.0,72.0,67.0,67.0,71.0,75.0,69.0,85.0,84.0,40.0,83.0,65.0,77.0,7.0,11.0,10.0,7.0,6.0,CB
245388,J. Todibo,https://cdn.sofifa.com/players/245/388/22_60.png,15500000,46.0,40.0,74.0,75.0,62.0,41.0,67.0,71.0,68.0,83.0,70.0,57.0,69.0,81.0,41.0,72.0,46.0,80.0,7.0,13.0,11.0,8.0,13.0,CB
230216,Adnan Vidual,https://cdn.sofifa.com/players/230/216/22_60.png,15500000,78.0,47.0,71.0,75.0,68.0,58.0,63.0,74.0,85.0,82.0,76.0,57.0,81.0,71.0,54.0,62.0,55.0,79.0,9.0,10.0,6.0,6.0,7.0,RB
231318,R. Perraud,https://cdn.sofifa.com/players/231/318/22_60.png,15500000,77.0,65.0,62.0,77.0,75.0,73.0,72.0,74.0,74.0,74.0,75.0,84.0,86.0,64.0,78.0,85.0,60.0,74.0,6.0,7.0,10.0,11.0,13.0,LWB
231554,J. Justin,https://cdn.sofifa.com/players/231/554/22_60.png,15500000,73.0,53.0,65.0,72.0,73.0,60.0,65.0,74.0,78.0,85.0,74.0,54.0,77.0,68.0,40.0,66.0,43.0,77.0,13.0,7.0,6.0,5.0,14.0,LWB
244915,M. Salisu,https://cdn.sofifa.com/players/244/915/22_60.png,15500000,40.0,30.0,74.0,72.0,47.0,32.0,56.0,64.0,62.0,71.0,68.0,60.0,65.0,87.0,28.0,78.0,40.0,78.0,7.0,7.0,11.0,10.0,6.0,CB
230965,N. Nández,https://cdn.sofifa.com/players/230/965/22_60.png,15500000,65.0,68.0,57.0,80.0,75.0,52.0,72.0,78.0,76.0,77.0,81.0,74.0,93.0,77.0,65.0,87.0,55.0,79.0,8.0,8.0,14.0,5.0,15.0,CDM
219789,H. Traoré,https://cdn.sofifa.com/players/219/789/22_60.png,15500000,79.0,48.0,71.0,76.0,76.0,38.0,73.0,76.0,84.0,86.0,74.0,68.0,90.0,70.0,58.0,75.0,47.0,75.0,10.0,14.0,9.0,7.0,16.0,RB
242578,B. Badiashile,https://cdn.sofifa.com/players/242/578/22_60.png,15500000,36.0,21.0,78.0,77.0,57.0,34.0,76.0,66.0,55.0,67.0,74.0,70.0,66.0,84.0,47.0,68.0,46.0,78.0,8.0,7.0,5.0,15.0,8.0,CB
199503,G. Xhaka,https://cdn.sofifa.com/players/199/503/22_60.png,15500000,71.0,50.0,62.0,84.0,66.0,77.0,84.0,80.0,48.0,52.0,73.0,90.0,84.0,79.0,75.0,91.0,63.0,68.0,7.0,8.0,11.0,7.0,13.0,CDM
239890,O. Kabak,https://cdn.sofifa.com/players/239/890/22_60.png,15500000,26.0,35.0,76.0,73.0,67.0,31.0,69.0,72.0,63.0,73.0,71.0,48.0,65.0,85.0,25.0,80.0,47.0,76.0,10.0,13.0,10.0,6.0,5.0,CB
229167,M. Rashica,https://cdn.sofifa.com/players/229/167/22_60.png,15500000,73.0,74.0,53.0,71.0,85.0,69.0,67.0,79.0,93.0,75.0,77.0,85.0,76.0,60.0,76.0,67.0,73.0,40.0,7.0,14.0,7.0,14.0,6.0,RM
241187,L. Geertruida,https://cdn.sofifa.com/players/241/187/22_60.png,15500000,72.0,59.0,83.0,72.0,71.0,30.0,69.0,74.0,79.0,80.0,68.0,49.0,76.0,75.0,42.0,70.0,40.0,78.0,12.0,11.0,13.0,12.0,10.0,CB
201119,Ismaily,https://cdn.sofifa.com/players/201/119/22_60.png,15500000,80.0,60.0,59.0,81.0,83.0,50.0,67.0,81.0,84.0,80.0,81.0,75.0,86.0,75.0,65.0,63.0,51.0,74.0,8.0,8.0,14.0,11.0,10.0,LB
222493,M. Friedrich,https://cdn.sofifa.com/players/222/493/22_60.png,15500000,43.0,39.0,79.0,67.0,43.0,26.0,68.0,61.0,54.0,73.0,76.0,58.0,67.0,81.0,35.0,74.0,38.0,85.0,10.0,13.0,13.0,15.0,14.0,CB
251804,S. Dest,https://cdn.sofifa.com/players/251/804/22_60.png,15500000,73.0,58.0,58.0,77.0,83.0,38.0,67.0,77.0,89.0,86.0,76.0,65.0,80.0,60.0,62.0,68.0,39.0,70.0,11.0,10.0,10.0,15.0,15.0,RM
204259,S. Arias,https://cdn.sofifa.com/players/204/259/22_60.png,15500000,77.0,51.0,69.0,75.0,74.0,54.0,72.0,77.0,76.0,78.0,80.0,56.0,80.0,67.0,50.0,80.0,56.0,78.0,14.0,7.0,14.0,15.0,16.0,RB
139869,18 W. Sneijder,https://cdn.sofifa.com/players/139/869/18_60.png,15500000,86.0,72.0,32.0,84.0,82.0,86.0,86.0,85.0,69.0,68.0,77.0,86.0,62.0,57.0,84.0,55.0,68.0,41.0,9.0,5.0,13.0,11.0,12.0,CAM
211241,Rubén Peña,https://cdn.sofifa.com/players/211/241/22_60.png,15500000,79.0,69.0,75.0,78.0,77.0,56.0,66.0,80.0,77.0,82.0,78.0,75.0,76.0,66.0,66.0,63.0,64.0,78.0,7.0,11.0,10.0,16.0,10.0,RB
236786,M. Terrier,https://cdn.sofifa.com/players/236/786/22_60.png,15500000,72.0,78.0,69.0,78.0,76.0,58.0,72.0,77.0,83.0,84.0,76.0,78.0,70.0,68.0,77.0,55.0,66.0,31.0,12.0,5.0,13.0,5.0,8.0,ST
180930,E. Džeko,https://cdn.sofifa.com/players/180/930/22_60.png,15500000,63.0,85.0,83.0,77.0,78.0,54.0,78.0,86.0,64.0,67.0,80.0,86.0,74.0,86.0,78.0,58.0,67.0,28.0,9.0,11.0,13.0,15.0,15.0,ST
10535,15 Xavi,https://cdn.sofifa.com/players/010/535/15_60.png,15500000,85.0,74.0,51.0,93.0,80.0,87.0,90.0,93.0,67.0,65.0,90.0,67.0,60.0,60.0,72.0,53.0,75.0,61.0,5.0,15.0,12.0,5.0,9.0,CAM
202642,21 Fernando,https://cdn.sofifa.com/players/202/642/21_60.png,15500000,63.0,63.0,62.0,81.0,70.0,84.0,82.0,76.0,73.0,76.0,73.0,79.0,80.0,71.0,76.0,80.0,61.0,78.0,16.0,9.0,13.0,8.0,6.0,CDM
230406,Guilson Paiva,https://cdn.sofifa.com/players/230/406/22_60.png,15500000,75.0,69.0,34.0,78.0,81.0,72.0,72.0,77.0,90.0,78.0,77.0,77.0,69.0,72.0,68.0,63.0,44.0,49.0,7.0,11.0,10.0,16.0,7.0,RM
216150,D. Zappacosta,https://cdn.sofifa.com/players/216/150/22_60.png,15500000,81.0,59.0,69.0,75.0,76.0,59.0,68.0,74.0,75.0,76.0,73.0,75.0,79.0,66.0,72.0,75.0,59.0,77.0,11.0,9.0,8.0,6.0,11.0,RWB
229942,A. Disasi,https://cdn.sofifa.com/players/229/942/22_60.png,14500000,25.0,20.0,76.0,71.0,56.0,27.0,68.0,64.0,51.0,53.0,73.0,54.0,70.0,92.0,17.0,77.0,36.0,79.0,12.0,8.0,11.0,8.0,6.0,CB
204024,C. Kramer,https://cdn.sofifa.com/players/204/024/22_60.png,14500000,61.0,48.0,61.0,78.0,72.0,51.0,73.0,77.0,52.0,38.0,82.0,54.0,87.0,71.0,43.0,75.0,47.0,77.0,8.0,13.0,9.0,6.0,8.0,CDM
241707,P. Gueye,https://cdn.sofifa.com/players/241/707/22_60.png,14500000,53.0,37.0,63.0,76.0,70.0,35.0,72.0,74.0,72.0,73.0,76.0,64.0,81.0,79.0,43.0,79.0,42.0,76.0,12.0,12.0,12.0,14.0,12.0,CDM
209973,J. Nsame,https://cdn.sofifa.com/players/209/973/22_60.png,14500000,39.0,80.0,79.0,68.0,73.0,43.0,46.0,75.0,80.0,79.0,76.0,79.0,77.0,87.0,70.0,66.0,74.0,19.0,13.0,12.0,5.0,15.0,5.0,ST
205705,Z. Feddal,https://cdn.sofifa.com/players/205/705/22_60.png,14500000,57.0,40.0,80.0,78.0,58.0,38.0,74.0,69.0,53.0,68.0,74.0,67.0,65.0,80.0,56.0,86.0,48.0,83.0,13.0,14.0,12.0,10.0,8.0,CB
222390,Unai López,https://cdn.sofifa.com/players/222/390/22_60.png,14500000,73.0,74.0,51.0,82.0,76.0,79.0,77.0,82.0,75.0,71.0,77.0,76.0,80.0,64.0,75.0,72.0,46.0,72.0,9.0,13.0,12.0,13.0,15.0,CAM
191740,Ander Herrera,https://cdn.sofifa.com/players/191/740/22_60.png,14500000,71.0,69.0,63.0,81.0,78.0,64.0,78.0,81.0,68.0,62.0,80.0,78.0,81.0,70.0,71.0,82.0,74.0,81.0,9.0,12.0,15.0,9.0,8.0,CDM
228414,Matheus Pereira,https://cdn.sofifa.com/players/228/414/22_60.png,14500000,75.0,75.0,43.0,77.0,81.0,76.0,67.0,80.0,80.0,79.0,71.0,74.0,71.0,60.0,74.0,61.0,71.0,37.0,15.0,12.0,15.0,15.0,9.0,CAM
215353,L. Alario,https://cdn.sofifa.com/players/215/353/22_60.png,14500000,48.0,83.0,85.0,69.0,73.0,43.0,47.0,78.0,66.0,60.0,77.0,79.0,68.0,78.0,63.0,72.0,77.0,27.0,8.0,15.0,7.0,15.0,15.0,ST
232144,F. Uduokhai,https://cdn.sofifa.com/players/232/144/22_60.png,14500000,35.0,33.0,79.0,71.0,49.0,31.0,59.0,69.0,66.0,68.0,79.0,62.0,63.0,78.0,35.0,68.0,38.0,82.0,6.0,10.0,10.0,9.0,14.0,CB
184484,G. Sigurðsson,https://cdn.sofifa.com/players/184/484/22_60.png,14500000,85.0,74.0,60.0,82.0,78.0,84.0,78.0,83.0,55.0,53.0,77.0,84.0,77.0,64.0,83.0,57.0,78.0,61.0,13.0,8.0,10.0,15.0,12.0,CAM
235945,Marc Roca,https://cdn.sofifa.com/players/235/945/22_60.png,14500000,66.0,59.0,42.0,82.0,72.0,52.0,85.0,77.0,50.0,50.0,72.0,66.0,72.0,66.0,69.0,71.0,69.0,73.0,12.0,11.0,11.0,10.0,8.0,CM
41236,Z. Ibrahimović,https://cdn.sofifa.com/players/041/236/22_60.png,14500000,72.0,86.0,83.0,80.0,78.0,75.0,73.0,86.0,64.0,66.0,83.0,88.0,52.0,87.0,88.0,84.0,83.0,37.0,13.0,15.0,10.0,9.0,12.0,ST
244380,V. Mykolenko,https://cdn.sofifa.com/players/244/380/22_60.png,14500000,76.0,44.0,66.0,72.0,54.0,32.0,55.0,66.0,77.0,78.0,73.0,47.0,78.0,57.0,49.0,57.0,35.0,73.0,9.0,8.0,14.0,9.0,14.0,LB
251528,Z. Sanusi,https://cdn.sofifa.com/players/251/528/22_60.png,14500000,69.0,29.0,59.0,66.0,63.0,29.0,60.0,65.0,92.0,93.0,73.0,49.0,78.0,68.0,29.0,68.0,42.0,73.0,13.0,9.0,7.0,9.0,9.0,LB
202857,K. Bellarabi,https://cdn.sofifa.com/players/202/857/22_60.png,14500000,78.0,74.0,48.0,71.0,82.0,58.0,59.0,82.0,85.0,85.0,77.0,84.0,71.0,70.0,77.0,75.0,57.0,30.0,10.0,12.0,7.0,11.0,10.0,RW
215316,G. Rulli,https://cdn.sofifa.com/players/215/316/22_60.png,14500000,12.0,15.0,12.0,32.0,14.0,20.0,23.0,15.0,56.0,52.0,76.0,59.0,42.0,73.0,17.0,26.0,24.0,13.0,80.0,79.0,78.0,79.0,80.0,GK
222509,Dani Ceballos,https://cdn.sofifa.com/players/222/509/22_60.png,14500000,74.0,65.0,41.0,80.0,83.0,67.0,77.0,83.0,66.0,55.0,75.0,76.0,75.0,61.0,72.0,75.0,55.0,70.0,12.0,15.0,16.0,7.0,13.0,CM
226637,Rubén Duarte,https://cdn.sofifa.com/players/226/637/22_60.png,14500000,76.0,28.0,75.0,77.0,64.0,62.0,65.0,73.0,68.0,64.0,73.0,51.0,68.0,70.0,33.0,70.0,40.0,79.0,13.0,8.0,10.0,11.0,10.0,LB
202750,W. Boly,https://cdn.sofifa.com/players/202/750/22_60.png,14500000,50.0,32.0,79.0,76.0,63.0,35.0,74.0,70.0,54.0,69.0,74.0,52.0,67.0,93.0,23.0,77.0,56.0,82.0,7.0,8.0,15.0,10.0,9.0,CB
228302,Pedraza,https://cdn.sofifa.com/players/228/302/22_60.png,14500000,75.0,72.0,66.0,72.0,76.0,57.0,68.0,75.0,78.0,78.0,75.0,78.0,83.0,76.0,69.0,72.0,64.0,76.0,12.0,6.0,14.0,7.0,12.0,LB
234468,E. Reynoso,https://cdn.sofifa.com/players/234/468/22_60.png,14500000,71.0,63.0,59.0,82.0,81.0,75.0,77.0,78.0,73.0,61.0,74.0,70.0,71.0,64.0,67.0,71.0,61.0,55.0,7.0,11.0,9.0,5.0,9.0,CAM
229752,D. Sow,https://cdn.sofifa.com/players/229/752/22_60.png,14500000,70.0,61.0,63.0,85.0,75.0,62.0,78.0,78.0,76.0,81.0,76.0,69.0,85.0,76.0,65.0,79.0,58.0,77.0,6.0,12.0,9.0,7.0,8.0,CDM
230212,Antônio Chiamuloira,https://cdn.sofifa.com/players/230/212/22_60.png,14500000,55.0,51.0,76.0,68.0,44.0,50.0,72.0,62.0,67.0,69.0,79.0,43.0,63.0,74.0,51.0,88.0,66.0,78.0,9.0,14.0,13.0,8.0,10.0,CB
232487,W. Endo,https://cdn.sofifa.com/players/232/487/22_60.png,13500000,55.0,57.0,74.0,79.0,72.0,46.0,77.0,80.0,73.0,60.0,73.0,71.0,80.0,65.0,68.0,78.0,62.0,78.0,9.0,13.0,7.0,11.0,5.0,CDM
216435,S. Lobotka,https://cdn.sofifa.com/players/216/435/22_60.png,13500000,68.0,64.0,45.0,84.0,77.0,55.0,77.0,82.0,66.0,60.0,73.0,62.0,83.0,56.0,68.0,57.0,56.0,76.0,10.0,7.0,16.0,13.0,14.0,CM
230043,F. Maouassa,https://cdn.sofifa.com/players/230/043/22_60.png,13500000,74.0,58.0,61.0,74.0,76.0,58.0,69.0,74.0,85.0,84.0,75.0,80.0,78.0,76.0,69.0,74.0,42.0,74.0,14.0,8.0,5.0,6.0,9.0,LWB
204234,Edgar Badia,https://cdn.sofifa.com/players/204/234/22_60.png,13500000,14.0,12.0,20.0,30.0,14.0,13.0,32.0,18.0,45.0,43.0,75.0,57.0,35.0,55.0,12.0,42.0,30.0,12.0,77.0,76.0,76.0,77.0,82.0,GK
193361,R. Soriano,https://cdn.sofifa.com/players/193/361/22_60.png,13500000,77.0,74.0,67.0,79.0,80.0,56.0,77.0,80.0,68.0,70.0,73.0,77.0,82.0,67.0,77.0,71.0,62.0,66.0,15.0,10.0,9.0,14.0,13.0,CAM
186197,G. Kakuta,https://cdn.sofifa.com/players/186/197/22_60.png,13500000,74.0,70.0,67.0,76.0,84.0,78.0,74.0,82.0,75.0,71.0,75.0,78.0,70.0,67.0,72.0,51.0,79.0,41.0,7.0,12.0,7.0,14.0,13.0,CAM
228708,L. Martínez Quarta,https://cdn.sofifa.com/players/228/708/22_60.png,13500000,64.0,50.0,79.0,76.0,68.0,49.0,74.0,72.0,60.0,73.0,70.0,65.0,73.0,79.0,59.0,80.0,66.0,77.0,10.0,15.0,12.0,10.0,15.0,CB
235889,C. Ünder,https://cdn.sofifa.com/players/235/889/22_60.png,13500000,81.0,70.0,58.0,72.0,82.0,68.0,65.0,81.0,84.0,78.0,71.0,83.0,67.0,50.0,80.0,37.0,72.0,33.0,9.0,13.0,7.0,9.0,8.0,CAM
252308,A. Musrati,https://cdn.sofifa.com/players/252/308/22_60.png,13500000,60.0,46.0,62.0,75.0,68.0,41.0,78.0,73.0,58.0,60.0,76.0,72.0,80.0,87.0,57.0,77.0,48.0,76.0,15.0,6.0,8.0,8.0,8.0,CDM
202849,J. Vestergaard,https://cdn.sofifa.com/players/202/849/22_60.png,13500000,46.0,34.0,85.0,70.0,45.0,52.0,77.0,58.0,30.0,34.0,75.0,83.0,66.0,90.0,47.0,85.0,59.0,80.0,16.0,11.0,11.0,15.0,10.0,CB
237681,T. Kubo,https://cdn.sofifa.com/players/237/681/22_60.png,13500000,61.0,70.0,39.0,73.0,85.0,72.0,58.0,81.0,89.0,74.0,65.0,66.0,76.0,52.0,60.0,43.0,61.0,43.0,6.0,7.0,15.0,10.0,10.0,CAM
212501,L. Dendoncker,https://cdn.sofifa.com/players/212/501/22_60.png,13500000,75.0,66.0,79.0,81.0,73.0,71.0,78.0,76.0,53.0,68.0,73.0,85.0,83.0,85.0,76.0,75.0,55.0,78.0,14.0,8.0,14.0,14.0,6.0,CM
199416,21 Ibai Gómez,https://cdn.sofifa.com/players/199/416/21_60.png,13500000,81.0,78.0,47.0,79.0,78.0,81.0,77.0,78.0,75.0,74.0,77.0,82.0,66.0,68.0,79.0,63.0,65.0,61.0,14.0,8.0,13.0,7.0,11.0,RM
167495,M. Neuer,https://cdn.sofifa.com/players/167/495/22_60.png,13500000,15.0,13.0,25.0,60.0,30.0,11.0,68.0,46.0,54.0,60.0,87.0,68.0,43.0,80.0,16.0,29.0,47.0,10.0,88.0,88.0,91.0,89.0,88.0,GK
204399,E. Zahavi,https://cdn.sofifa.com/players/204/399/22_60.png,13500000,69.0,84.0,71.0,77.0,79.0,81.0,69.0,79.0,76.0,78.0,81.0,80.0,77.0,76.0,81.0,58.0,75.0,41.0,13.0,12.0,13.0,8.0,16.0,ST
223874,V. Rongier,https://cdn.sofifa.com/players/223/874/22_60.png,13500000,67.0,63.0,40.0,81.0,75.0,69.0,80.0,80.0,71.0,68.0,75.0,75.0,82.0,69.0,68.0,75.0,65.0,80.0,11.0,8.0,12.0,7.0,11.0,CDM
219985,M. Vecino,https://cdn.sofifa.com/players/219/985/22_60.png,13500000,69.0,68.0,79.0,80.0,77.0,58.0,77.0,81.0,65.0,65.0,77.0,78.0,77.0,72.0,75.0,72.0,56.0,77.0,4.0,4.0,4.0,4.0,4.0,CM
172962,V. Moses,https://cdn.sofifa.com/players/172/962/22_60.png,13500000,76.0,67.0,69.0,76.0,82.0,61.0,70.0,81.0,77.0,76.0,74.0,74.0,78.0,68.0,69.0,66.0,75.0,71.0,9.0,7.0,8.0,16.0,16.0,RM
204082,J. Brooks,https://cdn.sofifa.com/players/204/082/22_60.png,13500000,36.0,39.0,85.0,74.0,64.0,28.0,74.0,64.0,53.0,64.0,75.0,50.0,61.0,84.0,29.0,74.0,45.0,83.0,8.0,7.0,10.0,9.0,10.0,CB
206273,18 O. Shatov,https://cdn.sofifa.com/players/206/273/18_60.png,13500000,74.0,73.0,55.0,80.0,80.0,70.0,72.0,80.0,85.0,86.0,77.0,72.0,73.0,66.0,73.0,70.0,60.0,45.0,13.0,9.0,10.0,12.0,14.0,LM
208777,Óliver Torres,https://cdn.sofifa.com/players/208/777/22_60.png,13500000,73.0,66.0,52.0,81.0,83.0,64.0,77.0,84.0,67.0,59.0,76.0,69.0,74.0,42.0,68.0,61.0,65.0,63.0,7.0,7.0,14.0,6.0,8.0,CAM
195096,Fransérgio,https://cdn.sofifa.com/players/195/096/22_60.png,13500000,70.0,71.0,74.0,77.0,76.0,72.0,79.0,78.0,55.0,63.0,81.0,83.0,87.0,79.0,77.0,81.0,73.0,73.0,9.0,7.0,5.0,6.0,7.0,CM
204819,19 E. Sala,https://cdn.sofifa.com/players/204/819/19_60.png,13500000,59.0,82.0,84.0,71.0,75.0,41.0,63.0,76.0,56.0,61.0,80.0,79.0,92.0,84.0,75.0,75.0,73.0,59.0,7.0,11.0,7.0,9.0,7.0,ST
152729,Piqué,https://cdn.sofifa.com/players/152/729/22_60.png,13500000,57.0,65.0,84.0,80.0,63.0,43.0,80.0,80.0,50.0,64.0,85.0,62.0,63.0,86.0,51.0,79.0,69.0,85.0,10.0,11.0,14.0,15.0,8.0,CB
167948,H. Lloris,https://cdn.sofifa.com/players/167/948/22_60.png,13500000,13.0,10.0,10.0,50.0,10.0,10.0,50.0,34.0,61.0,62.0,85.0,49.0,41.0,43.0,14.0,31.0,40.0,10.0,88.0,83.0,65.0,84.0,90.0,GK
241184,Junior Firpo,https://cdn.sofifa.com/players/241/184/22_60.png,13500000,77.0,64.0,72.0,74.0,73.0,43.0,68.0,73.0,81.0,80.0,74.0,68.0,80.0,74.0,59.0,74.0,40.0,75.0,7.0,7.0,7.0,14.0,14.0,LWB
230285,Vincente Dourado,https://cdn.sofifa.com/players/230/285/22_60.png,13500000,65.0,21.0,78.0,71.0,51.0,32.0,72.0,69.0,54.0,62.0,74.0,45.0,71.0,93.0,26.0,80.0,34.0,81.0,8.0,10.0,8.0,13.0,10.0,CB
184942,21 Giuliano,https://cdn.sofifa.com/players/184/942/21_60.png,13500000,74.0,77.0,59.0,80.0,80.0,71.0,73.0,81.0,80.0,75.0,74.0,76.0,79.0,78.0,73.0,69.0,78.0,43.0,16.0,11.0,13.0,9.0,8.0,CAM
221551,18 E. Mammana,https://cdn.sofifa.com/players/221/551/18_60.png,13500000,65.0,28.0,66.0,80.0,65.0,34.0,77.0,76.0,80.0,79.0,77.0,63.0,76.0,72.0,48.0,76.0,68.0,78.0,6.0,11.0,12.0,14.0,8.0,CDM
190871,Neymar Jr,https://cdn.sofifa.com/players/190/871/22_60.png,12900000,85.0,83.0,63.0,86.0,95.0,87.0,81.0,95.0,93.0,89.0,89.0,80.0,81.0,53.0,81.0,63.0,93.0,32.0,9.0,9.0,15.0,15.0,11.0,LW
241026,T. Chancalay,https://cdn.sofifa.com/players/241/026/22_60.png,12500000,75.0,72.0,57.0,71.0,76.0,74.0,73.0,75.0,81.0,81.0,66.0,81.0,72.0,56.0,78.0,55.0,63.0,42.0,10.0,8.0,8.0,7.0,8.0,RM
233866,O. Edouard,https://cdn.sofifa.com/players/233/866/22_60.png,12500000,58.0,78.0,72.0,72.0,80.0,77.0,55.0,78.0,84.0,82.0,68.0,74.0,77.0,82.0,69.0,55.0,76.0,46.0,7.0,6.0,13.0,11.0,13.0,CAM
246191,J. Álvarez,https://cdn.sofifa.com/players/246/191/22_60.png,12500000,71.0,75.0,66.0,73.0,72.0,73.0,67.0,76.0,81.0,86.0,70.0,80.0,70.0,52.0,70.0,76.0,69.0,37.0,6.0,10.0,8.0,15.0,6.0,CAM
239335,Óscar,https://cdn.sofifa.com/players/239/335/22_60.png,12500000,66.0,76.0,45.0,75.0,81.0,86.0,73.0,78.0,63.0,63.0,76.0,72.0,55.0,57.0,81.0,48.0,53.0,47.0,12.0,7.0,9.0,11.0,7.0,CAM
236639,Xeka,https://cdn.sofifa.com/players/236/639/22_60.png,12500000,58.0,49.0,67.0,80.0,77.0,68.0,80.0,79.0,56.0,54.0,74.0,81.0,79.0,75.0,71.0,81.0,56.0,70.0,7.0,5.0,11.0,5.0,6.0,CM
216497,M. Philipp,https://cdn.sofifa.com/players/216/497/22_60.png,12500000,68.0,78.0,50.0,76.0,80.0,65.0,62.0,80.0,80.0,76.0,77.0,82.0,70.0,67.0,79.0,36.0,83.0,48.0,8.0,12.0,10.0,10.0,9.0,CAM
222400,H. Winks,https://cdn.sofifa.com/players/222/400/22_60.png,12500000,65.0,55.0,50.0,83.0,78.0,68.0,79.0,80.0,68.0,53.0,77.0,63.0,76.0,61.0,60.0,78.0,51.0,76.0,8.0,11.0,14.0,13.0,10.0,CM
207791,Y. Poulsen,https://cdn.sofifa.com/players/207/791/22_60.png,12500000,68.0,74.0,85.0,73.0,75.0,42.0,53.0,75.0,80.0,84.0,80.0,73.0,86.0,78.0,58.0,83.0,58.0,59.0,6.0,11.0,15.0,14.0,8.0,ST
238581,R. Vargas,https://cdn.sofifa.com/players/238/581/22_60.png,12500000,68.0,68.0,66.0,71.0,78.0,48.0,69.0,77.0,88.0,79.0,72.0,72.0,78.0,62.0,73.0,49.0,60.0,51.0,12.0,7.0,5.0,6.0,11.0,RM
207948,B. Traoré,https://cdn.sofifa.com/players/207/948/22_60.png,12500000,73.0,75.0,66.0,74.0,82.0,73.0,68.0,86.0,77.0,79.0,69.0,73.0,69.0,65.0,68.0,60.0,69.0,40.0,11.0,7.0,7.0,13.0,12.0,CAM
240471,F. Gorriarán,https://cdn.sofifa.com/players/240/471/22_60.png,12500000,71.0,64.0,57.0,79.0,75.0,59.0,76.0,77.0,77.0,72.0,74.0,75.0,92.0,62.0,68.0,65.0,66.0,72.0,11.0,11.0,9.0,8.0,7.0,CM
254487,Matheus Henrique,https://cdn.sofifa.com/players/254/487/22_60.png,12500000,69.0,56.0,50.0,81.0,81.0,62.0,84.0,78.0,78.0,73.0,72.0,64.0,79.0,55.0,61.0,66.0,63.0,57.0,8.0,12.0,7.0,11.0,7.0,RM
206413,T. Stepanenko,https://cdn.sofifa.com/players/206/413/22_60.png,12500000,63.0,56.0,74.0,80.0,64.0,45.0,76.0,73.0,68.0,63.0,78.0,75.0,82.0,76.0,70.0,84.0,52.0,79.0,15.0,13.0,9.0,14.0,9.0,CDM
207421,L. Trossard,https://cdn.sofifa.com/players/207/421/22_60.png,12500000,74.0,76.0,62.0,75.0,79.0,69.0,73.0,77.0,89.0,76.0,72.0,76.0,71.0,60.0,79.0,47.0,75.0,31.0,14.0,8.0,11.0,7.0,7.0,CAM
195086,20 D. Lovren,https://cdn.sofifa.com/players/195/086/20_60.png,12500000,59.0,33.0,80.0,68.0,63.0,18.0,66.0,67.0,52.0,54.0,75.0,63.0,64.0,82.0,34.0,86.0,52.0,82.0,14.0,14.0,13.0,10.0,7.0,CB
212213,Ricardo Esgaio,https://cdn.sofifa.com/players/212/213/22_60.png,12500000,78.0,65.0,56.0,78.0,77.0,51.0,68.0,80.0,75.0,74.0,75.0,69.0,88.0,59.0,64.0,68.0,78.0,76.0,9.0,16.0,6.0,8.0,14.0,RWB
220287,J. Dinenno,https://cdn.sofifa.com/players/220/287/22_60.png,12500000,44.0,83.0,83.0,63.0,66.0,60.0,55.0,75.0,67.0,71.0,75.0,77.0,72.0,83.0,74.0,46.0,70.0,15.0,16.0,7.0,15.0,8.0,8.0,ST
203605,P. Kadeřábek,https://cdn.sofifa.com/players/203/605/22_60.png,12500000,83.0,28.0,76.0,74.0,71.0,52.0,68.0,77.0,78.0,70.0,81.0,66.0,83.0,77.0,41.0,78.0,54.0,71.0,10.0,11.0,14.0,13.0,7.0,RWB
230402,Muo Cadete,https://cdn.sofifa.com/players/230/402/22_60.png,12500000,74.0,68.0,29.0,74.0,77.0,55.0,70.0,75.0,81.0,81.0,77.0,63.0,82.0,74.0,56.0,45.0,34.0,40.0,10.0,10.0,11.0,14.0,9.0,LM
237329,J. Willock,https://cdn.sofifa.com/players/237/329/22_60.png,12500000,60.0,76.0,64.0,76.0,78.0,46.0,69.0,77.0,74.0,78.0,77.0,73.0,74.0,66.0,66.0,70.0,62.0,65.0,11.0,6.0,12.0,8.0,9.0,CAM
248148,Zubimendi,https://cdn.sofifa.com/players/248/148/22_60.png,12500000,65.0,64.0,63.0,79.0,67.0,44.0,73.0,77.0,67.0,59.0,78.0,58.0,76.0,67.0,66.0,66.0,43.0,76.0,7.0,6.0,12.0,14.0,13.0,CDM
243245,O. Kökçü,https://cdn.sofifa.com/players/243/245/22_60.png,12500000,73.0,68.0,41.0,78.0,78.0,70.0,78.0,78.0,74.0,69.0,73.0,73.0,81.0,65.0,76.0,73.0,61.0,55.0,9.0,6.0,10.0,6.0,12.0,CAM
224221,J. Andersen,https://cdn.sofifa.com/players/224/221/22_60.png,12500000,36.0,40.0,76.0,78.0,53.0,36.0,80.0,67.0,55.0,60.0,75.0,73.0,69.0,83.0,43.0,80.0,44.0,78.0,13.0,7.0,9.0,15.0,14.0,CB
208364,Clinton Mata,https://cdn.sofifa.com/players/208/364/22_60.png,12500000,62.0,53.0,71.0,73.0,74.0,70.0,69.0,74.0,79.0,85.0,76.0,78.0,93.0,74.0,67.0,78.0,49.0,77.0,10.0,10.0,7.0,10.0,10.0,RB
227275,A. Rossi,https://cdn.sofifa.com/players/227/275/22_60.png,12500000,17.0,14.0,19.0,35.0,21.0,21.0,33.0,26.0,39.0,43.0,75.0,55.0,35.0,75.0,19.0,24.0,23.0,21.0,76.0,74.0,73.0,79.0,77.0,GK
198657,J. Svensson,https://cdn.sofifa.com/players/198/657/22_60.png,12500000,76.0,55.0,61.0,75.0,73.0,54.0,67.0,74.0,76.0,82.0,75.0,75.0,92.0,77.0,58.0,82.0,48.0,75.0,15.0,12.0,7.0,10.0,16.0,RB
252143,Daniel Bragança,https://cdn.sofifa.com/players/252/143/22_60.png,12500000,68.0,67.0,49.0,76.0,79.0,64.0,78.0,78.0,79.0,81.0,72.0,66.0,69.0,39.0,64.0,59.0,66.0,68.0,6.0,12.0,14.0,11.0,11.0,CAM
245940,Silas,https://cdn.sofifa.com/players/245/940/22_60.png,12500000,66.0,80.0,65.0,70.0,84.0,33.0,48.0,77.0,85.0,89.0,70.0,70.0,70.0,72.0,49.0,59.0,81.0,50.0,8.0,13.0,13.0,9.0,11.0,ST
251470,C. De Ketelaere,https://cdn.sofifa.com/players/251/470/22_60.png,12500000,74.0,74.0,71.0,77.0,79.0,68.0,74.0,81.0,69.0,75.0,71.0,72.0,83.0,72.0,71.0,57.0,58.0,59.0,11.0,8.0,14.0,8.0,8.0,CAM
237819,N. Domínguez,https://cdn.sofifa.com/players/237/819/22_60.png,12500000,63.0,65.0,68.0,79.0,73.0,45.0,76.0,77.0,74.0,75.0,73.0,72.0,88.0,67.0,69.0,86.0,51.0,78.0,6.0,11.0,9.0,10.0,5.0,CM
177457,21 L. Bender,https://cdn.sofifa.com/players/177/457/21_60.png,12500000,71.0,58.0,78.0,77.0,71.0,47.0,74.0,75.0,62.0,59.0,79.0,74.0,73.0,76.0,71.0,77.0,52.0,82.0,12.0,6.0,7.0,12.0,7.0,RB
190584,Illarramendi,https://cdn.sofifa.com/players/190/584/22_60.png,12500000,68.0,72.0,51.0,80.0,78.0,68.0,79.0,80.0,58.0,38.0,81.0,69.0,69.0,68.0,76.0,75.0,50.0,79.0,15.0,7.0,11.0,14.0,12.0,CDM
192366,N. Otamendi,https://cdn.sofifa.com/players/192/366/22_60.png,12500000,52.0,54.0,79.0,73.0,51.0,39.0,70.0,66.0,60.0,65.0,79.0,69.0,75.0,80.0,56.0,90.0,45.0,83.0,12.0,5.0,8.0,11.0,12.0,CB
234111,D. Turnbull,https://cdn.sofifa.com/players/234/111/22_60.png,12500000,74.0,70.0,48.0,76.0,75.0,73.0,75.0,76.0,71.0,71.0,74.0,72.0,79.0,71.0,75.0,42.0,75.0,67.0,5.0,8.0,10.0,15.0,5.0,CAM
189615,A. Cresswell,https://cdn.sofifa.com/players/189/615/22_60.png,12500000,83.0,54.0,68.0,77.0,76.0,73.0,69.0,77.0,72.0,67.0,78.0,71.0,74.0,61.0,66.0,73.0,59.0,78.0,14.0,7.0,9.0,9.0,12.0,LB
247328,Unai Vencedor,https://cdn.sofifa.com/players/247/328/22_60.png,12500000,63.0,70.0,54.0,74.0,70.0,81.0,76.0,76.0,71.0,61.0,72.0,74.0,80.0,74.0,79.0,68.0,42.0,79.0,15.0,6.0,10.0,6.0,13.0,CM
187052,Y. M'Vila,https://cdn.sofifa.com/players/187/052/22_60.png,12500000,62.0,61.0,62.0,81.0,73.0,65.0,80.0,78.0,64.0,65.0,78.0,68.0,82.0,74.0,70.0,83.0,68.0,76.0,13.0,9.0,16.0,15.0,7.0,CDM
201417,M. Doherty,https://cdn.sofifa.com/players/201/417/22_60.png,12500000,80.0,62.0,74.0,78.0,74.0,45.0,69.0,79.0,69.0,68.0,80.0,76.0,81.0,72.0,63.0,76.0,48.0,77.0,15.0,8.0,12.0,11.0,9.0,RB
252931,L. Ivanušec,https://cdn.sofifa.com/players/252/931/22_60.png,12500000,65.0,67.0,51.0,75.0,83.0,70.0,73.0,76.0,86.0,77.0,71.0,77.0,78.0,70.0,75.0,69.0,72.0,59.0,6.0,11.0,13.0,10.0,14.0,CAM
201042,D. Sidibé,https://cdn.sofifa.com/players/201/042/22_60.png,12500000,78.0,60.0,69.0,75.0,75.0,70.0,73.0,76.0,71.0,76.0,78.0,69.0,86.0,76.0,68.0,76.0,43.0,76.0,10.0,16.0,9.0,12.0,7.0,RB
251517,J. Gvardiol,https://cdn.sofifa.com/players/251/517/22_60.png,12500000,57.0,42.0,72.0,74.0,73.0,59.0,74.0,72.0,78.0,87.0,72.0,76.0,79.0,84.0,56.0,83.0,61.0,75.0,5.0,8.0,6.0,9.0,11.0,CB
217036,Álex Moreno,https://cdn.sofifa.com/players/217/036/22_60.png,12500000,75.0,59.0,60.0,73.0,78.0,57.0,64.0,75.0,87.0,89.0,74.0,61.0,91.0,51.0,56.0,63.0,70.0,74.0,15.0,7.0,12.0,11.0,9.0,LB
239592,J. Macías,https://cdn.sofifa.com/players/239/592/22_60.png,12500000,52.0,77.0,73.0,72.0,76.0,50.0,52.0,76.0,73.0,73.0,76.0,73.0,64.0,70.0,68.0,40.0,75.0,19.0,10.0,10.0,6.0,11.0,5.0,ST
216258,I. Bebou,https://cdn.sofifa.com/players/216/258/22_60.png,11500000,74.0,77.0,64.0,74.0,82.0,46.0,53.0,77.0,92.0,89.0,77.0,76.0,75.0,67.0,71.0,40.0,67.0,35.0,10.0,11.0,12.0,11.0,11.0,RW
231416,D. Lukébakio,https://cdn.sofifa.com/players/231/416/22_60.png,11500000,67.0,74.0,56.0,73.0,82.0,65.0,61.0,79.0,82.0,85.0,76.0,83.0,71.0,68.0,71.0,28.0,69.0,29.0,9.0,7.0,14.0,11.0,12.0,CAM
175254,F. Caicedo,https://cdn.sofifa.com/players/175/254/22_60.png,11500000,59.0,79.0,77.0,79.0,77.0,68.0,66.0,79.0,73.0,74.0,79.0,84.0,59.0,91.0,70.0,80.0,73.0,44.0,7.0,13.0,7.0,8.0,10.0,ST
239837,A. Mac Allister,https://cdn.sofifa.com/players/239/837/22_60.png,11500000,79.0,77.0,61.0,76.0,74.0,81.0,75.0,77.0,73.0,68.0,70.0,74.0,68.0,63.0,80.0,51.0,74.0,54.0,7.0,10.0,14.0,15.0,10.0,CAM
177635,17 B. Trémoulinas,https://cdn.sofifa.com/players/177/635/17_60.png,11500000,86.0,58.0,67.0,81.0,75.0,59.0,77.0,80.0,82.0,82.0,82.0,74.0,87.0,63.0,65.0,72.0,77.0,80.0,5.0,14.0,11.0,14.0,8.0,LB
182002,Sidnei,https://cdn.sofifa.com/players/182/002/22_60.png,11500000,59.0,53.0,77.0,78.0,62.0,39.0,68.0,74.0,67.0,69.0,75.0,74.0,64.0,93.0,53.0,77.0,58.0,78.0,10.0,16.0,12.0,9.0,14.0,CB
226093,C. Adams,https://cdn.sofifa.com/players/226/093/22_60.png,11500000,55.0,76.0,63.0,70.0,73.0,59.0,53.0,75.0,83.0,84.0,74.0,86.0,77.0,79.0,75.0,74.0,69.0,42.0,16.0,13.0,12.0,15.0,9.0,ST
256769,A. Truffert,https://cdn.sofifa.com/players/256/769/22_60.png,11500000,74.0,52.0,59.0,72.0,73.0,53.0,70.0,72.0,74.0,74.0,71.0,63.0,77.0,65.0,51.0,67.0,54.0,74.0,6.0,6.0,6.0,6.0,8.0,LB
247246,K. Thuram,https://cdn.sofifa.com/players/247/246/22_60.png,11500000,61.0,60.0,74.0,77.0,78.0,52.0,72.0,75.0,73.0,77.0,72.0,69.0,78.0,79.0,60.0,68.0,56.0,74.0,7.0,9.0,14.0,11.0,9.0,CDM
189125,G. Bonaventura,https://cdn.sofifa.com/players/189/125/22_60.png,11500000,79.0,69.0,70.0,82.0,80.0,78.0,79.0,83.0,69.0,69.0,75.0,84.0,69.0,61.0,81.0,68.0,68.0,71.0,10.0,14.0,7.0,15.0,14.0,CM
238857,Wilson Manafá,https://cdn.sofifa.com/players/238/857/22_60.png,11500000,75.0,61.0,62.0,70.0,76.0,48.0,54.0,73.0,89.0,86.0,75.0,66.0,86.0,59.0,54.0,75.0,47.0,72.0,6.0,6.0,7.0,11.0,10.0,RB
225748,T. Cantwell,https://cdn.sofifa.com/players/225/748/22_60.png,11500000,66.0,71.0,43.0,76.0,77.0,66.0,68.0,80.0,74.0,71.0,74.0,66.0,68.0,45.0,67.0,48.0,58.0,45.0,10.0,8.0,14.0,15.0,16.0,CAM
176769,19 Jonas,https://cdn.sofifa.com/players/176/769/19_60.png,11500000,70.0,87.0,81.0,75.0,82.0,77.0,75.0,87.0,63.0,62.0,84.0,80.0,66.0,62.0,84.0,61.0,84.0,36.0,12.0,11.0,7.0,8.0,5.0,CF
197837,D. Boyata,https://cdn.sofifa.com/players/197/837/22_60.png,11500000,46.0,20.0,80.0,72.0,53.0,13.0,60.0,60.0,68.0,72.0,64.0,55.0,73.0,88.0,25.0,80.0,13.0,81.0,11.0,8.0,13.0,13.0,8.0,CB
230065,S. Serdar,https://cdn.sofifa.com/players/230/065/22_60.png,11500000,62.0,68.0,70.0,75.0,80.0,52.0,73.0,79.0,69.0,69.0,77.0,75.0,80.0,76.0,75.0,85.0,53.0,75.0,15.0,8.0,5.0,13.0,10.0,CM
229980,C. Montes,https://cdn.sofifa.com/players/229/980/22_60.png,11500000,41.0,43.0,77.0,72.0,59.0,37.0,73.0,69.0,55.0,64.0,72.0,55.0,77.0,75.0,35.0,74.0,48.0,74.0,9.0,10.0,5.0,5.0,13.0,CB
231836,J. Karlsson,https://cdn.sofifa.com/players/231/836/22_60.png,11500000,69.0,72.0,44.0,68.0,79.0,62.0,62.0,78.0,84.0,80.0,69.0,75.0,78.0,42.0,73.0,44.0,65.0,36.0,13.0,11.0,10.0,10.0,9.0,CAM
234574,Diogo Dalot,https://cdn.sofifa.com/players/234/574/22_60.png,11500000,78.0,52.0,69.0,74.0,78.0,44.0,62.0,75.0,78.0,80.0,74.0,78.0,74.0,74.0,64.0,78.0,43.0,74.0,10.0,6.0,10.0,6.0,8.0,RWB
216194,Dani García,https://cdn.sofifa.com/players/216/194/22_60.png,11500000,55.0,60.0,46.0,79.0,68.0,57.0,80.0,80.0,44.0,38.0,79.0,72.0,92.0,80.0,73.0,82.0,58.0,85.0,6.0,14.0,14.0,6.0,11.0,CDM
213955,18 S. Azmoun,https://cdn.sofifa.com/players/213/955/18_60.png,11500000,64.0,76.0,84.0,67.0,73.0,50.0,63.0,74.0,79.0,79.0,74.0,73.0,65.0,72.0,72.0,67.0,55.0,33.0,6.0,10.0,14.0,9.0,15.0,ST
225783,S. Mavididi,https://cdn.sofifa.com/players/225/783/22_60.png,11500000,69.0,75.0,70.0,71.0,79.0,42.0,66.0,74.0,88.0,89.0,69.0,73.0,70.0,74.0,70.0,45.0,59.0,18.0,6.0,10.0,6.0,8.0,16.0,ST
253170,A. Szalai,https://cdn.sofifa.com/players/253/170/22_60.png,11500000,63.0,32.0,75.0,69.0,48.0,19.0,65.0,65.0,68.0,76.0,60.0,28.0,79.0,87.0,38.0,80.0,46.0,74.0,10.0,14.0,9.0,10.0,12.0,CB
242664,A. Saelemaekers,https://cdn.sofifa.com/players/242/664/22_60.png,11500000,80.0,68.0,45.0,77.0,78.0,68.0,69.0,78.0,81.0,81.0,75.0,62.0,83.0,59.0,72.0,67.0,41.0,65.0,9.0,6.0,9.0,12.0,12.0,RM
